Ident,Site,Year,Month,Replicate,Survey,Acropora spp.,Alcyoniidae,Alveopora spp.,Astreopora spp.,Caulastrea spp.,Coscinarea spp.,Cyphastrea spp.,Dendronephthya spp.,Diploastrea spp.,Echinophyllia spp.,Echinopora spp.,Euphyllia spp.,Favia spp.,Faviidae,Favites spp.,Fungia spp.,Fungiidae,Galaxea spp.,Gardineroseris spp.,Goniastrea spp.,Goniopora spp.,Hard coral,Hydnophora spp.,Isopora spp.,Leptastrea spp.,Leptoria spp.,Leptoseris spp.,Lithophyllon spp.,Lobophyllia spp.,Lobophytum spp.,Merulina spp.,Millepora spp.,Montastrea spp.,Montipora spp.,Mycedium spp.,Octocorals - Soft,Oulophyllia spp.,Oxypora spp.,Pachyseris spp.,Pavona spp.,Pectinia spp.,Platygyra spp.,Plerogyra spp.,Plesiastrea spp.,Pocillopora spp.,Podabacia spp.,Porites spp.,Psammocora spp.,Sarcophyton spp.,Scolymia spp.,Seriatopora spp.,Sinularia spp.,Stylophora spp.,Symphyllia spp.,Tubipora spp.,Turbinaria spp.,allcoral,totalpoints,av.wave,max.wave,dredge days,dredge.pres,bleach.ind,bleach.pres,DHW,dhw.fact,Depth
5_2009_11_T1,5,2009,11,T1,1,25,0,0,1,0,0,2,0,0,0,0,0,1,0,6,0,3,2,0,5,0,0,0,0,0,0,0,0,4,0,1,0,1,1,0,36,0,1,0,0,0,0,0,0,0,0,30,0,0,0,0,0,0,0,0,0,119,294,0,0,0,0,0,0,0,0,3
5_2009_11_T2,5,2009,11,T2,1,25,0,0,1,0,0,2,0,0,0,0,0,2,0,3,0,1,1,0,3,0,0,0,0,0,0,0,0,7,0,3,13,0,4,0,32,0,1,0,2,0,1,0,0,0,0,22,0,0,0,0,0,0,0,0,0,123,300,0,0,0,0,0,0,0,0,3
5_2009_11_T3,5,2009,11,T3,1,13,0,0,0,0,0,1,0,0,0,0,0,0,0,3,0,1,0,0,3,0,0,0,0,0,0,0,0,2,0,1,0,0,0,0,26,0,1,0,3,0,0,0,0,0,0,20,0,0,0,0,0,0,0,0,2,76,300,0,0,0,0,0,0,0,0,3
8_2009_11_T1,8,2009,11,T1,1,65,0,0,0,0,0,3,0,0,0,7,0,0,0,0,0,0,0,0,7,0,0,0,0,0,0,0,0,0,0,4,0,0,7,0,0,0,0,0,0,3,0,0,0,0,0,14,0,0,0,0,0,0,0,0,0,110,276,0,0,0,0,0,0,0,0,4
8_2009_11_T2,8,2009,11,T2,1,26,0,0,0,0,0,9,0,0,2,2,0,0,0,0,0,0,1,0,1,0,0,0,0,0,0,0,0,1,0,20,0,1,1,0,0,0,0,0,0,2,3,0,0,4,0,15,0,0,0,0,0,0,0,0,0,88,276,0,0,0,0,0,0,0,0,4
8_2009_11_T3,8,2009,11,T3,1,22,0,0,0,0,0,1,0,0,0,0,0,0,0,0,0,0,0,0,17,0,0,0,0,0,0,0,0,2,0,1,0,1,2,0,0,0,0,0,5,0,0,0,0,0,0,24,0,0,0,0,0,0,0,0,0,75,306,0,0,0,0,0,0,0,0,4
8_2009_11_T4,8,2009,11,T4,1,23,0,0,0,0,0,2,0,0,0,0,0,0,0,1,0,1,0,0,8,0,0,0,0,0,0,0,0,0,0,1,0,0,2,0,0,0,0,0,0,0,0,0,0,0,0,99,0,0,0,0,0,0,0,0,0,137,306,0,0,0,0,0,0,0,0,4
11_2009_11_T1,11,2009,11,T1,1,1,0,0,0,0,0,0,0,0,0,0,0,0,0,0,0,0,4,0,4,2,0,4,4,0,0,0,0,0,3,0,2,0,0,0,0,0,0,0,0,0,0,0,0,1,0,120,0,3,0,1,0,0,0,0,1,150,300,0.730429387,0.877547051,0,0,0,0,0,0,9
11_2009_11_T2,11,2009,11,T2,1,0,0,0,0,0,0,2,0,0,0,0,0,0,0,0,0,0,9,0,1,0,0,1,0,0,0,0,0,0,2,0,0,0,0,0,0,0,0,0,0,0,1,0,0,0,0,137,0,4,0,0,3,0,0,0,1,161,300,0.730429387,0.877547051,0,0,0,0,0,0,9
11_2009_11_T3,11,2009,11,T3,1,0,0,0,0,0,0,0,0,0,0,0,0,0,0,3,0,0,18,0,0,0,0,4,0,0,0,0,0,0,9,0,2,0,0,0,0,0,0,0,0,0,0,0,0,0,0,97,0,0,0,0,7,0,0,0,0,140,300,0.730429387,0.877547051,0,0,0,0,0,0,9
11_2009_11_T4,11,2009,11,T4,1,4,0,0,0,0,0,0,0,0,0,0,0,0,0,0,0,0,6,0,2,1,0,0,0,0,1,0,0,0,23,3,0,1,0,0,0,0,0,0,0,0,0,0,0,0,0,36,0,12,0,1,9,0,0,0,1,100,300,0.730429387,0.877547051,0,0,0,0,0,0,9
12_2009_11_T1,12,2009,11,T1,1,2,0,0,0,0,0,0,0,0,0,0,0,0,0,2,0,0,9,0,3,1,0,0,0,0,0,0,0,3,6,5,9,0,0,0,0,0,0,0,0,0,1,0,0,2,0,82,0,0,0,1,7,1,0,0,0,134,300,0.730429387,0.877547051,0,0,0,0,0,0,9
12_2009_11_T2,12,2009,11,T2,1,20,0,0,0,0,0,0,0,0,0,0,0,0,0,0,0,0,11,0,1,0,0,0,0,0,0,0,0,2,3,0,0,0,0,0,0,0,0,0,0,0,2,0,0,0,0,133,0,0,0,0,0,0,0,0,0,172,300,0.730429387,0.877547051,0,0,0,0,0,0,9
12_2009_11_T3,12,2009,11,T3,1,4,0,0,0,0,0,1,0,0,0,0,0,0,0,3,0,0,2,0,0,0,0,0,0,0,0,0,0,3,0,0,6,2,0,0,0,0,0,0,0,0,1,0,0,7,0,80,0,2,0,0,3,0,0,0,3,117,300,0.730429387,0.877547051,0,0,0,0,0,0,9
12_2009_11_T4,12,2009,11,T4,1,1,0,0,0,0,0,1,0,0,0,0,0,2,0,1,0,0,1,0,2,0,0,0,0,0,0,0,0,7,1,0,0,5,0,0,0,4,0,0,0,0,1,0,0,0,0,70,0,6,0,0,11,0,0,0,1,114,300,0.730429387,0.877547051,0,0,0,0,0,0,9
14_2009_11_T1,14,2009,11,T1,1,14,0,0,0,0,0,7,0,0,0,0,0,5,0,5,0,0,8,0,10,0,0,0,0,0,1,0,0,1,0,3,0,0,6,0,2,0,0,0,2,0,2,0,0,1,0,20,0,0,0,4,0,0,0,0,0,91,300,0.670658433,0.876891217,0,0,0,0,0,0,10
14_2009_11_T2,14,2009,11,T2,1,15,0,2,0,0,0,6,0,0,1,1,0,3,0,7,0,0,0,0,10,0,0,2,0,0,0,0,0,2,0,4,0,0,12,0,7,0,0,0,2,0,2,0,0,2,0,22,0,0,0,7,0,0,0,0,1,108,300,0.670658433,0.876891217,0,0,0,0,0,0,10
14_2009_11_T3,14,2009,11,T3,1,2,0,1,1,0,0,4,0,0,0,0,0,0,0,1,0,0,0,0,1,0,0,0,0,0,0,0,0,2,0,0,0,2,1,0,0,0,0,0,1,0,1,0,0,0,0,22,0,0,0,4,0,0,0,0,0,43,294,0.670658433,0.876891217,0,0,0,0,0,0,10
15_2009_11_T1,15,2009,11,T1,1,2,0,0,0,0,0,0,0,0,0,0,0,0,0,3,0,0,0,0,2,0,0,0,0,0,0,0,0,1,0,0,0,1,1,0,1,0,0,0,0,0,1,0,0,0,0,65,0,0,0,0,0,0,0,0,1,78,300,0.670658433,0.876891217,0,0,0,0,0,0,9
15_2009_11_T2,15,2009,11,T2,1,2,0,0,0,0,0,1,0,0,0,0,0,0,0,2,0,0,0,0,0,0,0,0,0,0,0,0,0,0,0,0,0,0,2,0,0,0,0,0,0,0,2,0,0,0,0,46,0,0,0,0,0,0,0,0,0,55,294,0.670658433,0.876891217,0,0,0,0,0,0,9
15_2009_11_T3,15,2009,11,T3,1,4,0,0,0,0,0,0,0,0,0,0,0,1,0,2,0,0,0,0,1,0,0,1,0,0,0,0,0,0,0,6,0,0,1,0,0,0,0,0,0,3,1,0,0,0,1,45,0,0,0,0,0,0,0,0,2,68,312,0.670658433,0.876891217,0,0,0,0,0,0,9
16_2009_11_T1,16,2009,11,T1,1,7,0,0,0,0,0,0,0,2,0,0,0,0,0,1,0,0,0,0,2,0,0,0,0,0,0,0,0,1,0,0,22,0,0,0,0,0,3,0,0,1,0,0,0,1,0,53,0,0,0,0,0,0,0,0,1,94,294,0.24,0.36,0,0,0,0,0,0,8
16_2009_11_T2,16,2009,11,T2,1,9,0,0,0,0,0,1,0,0,0,0,0,0,0,1,0,0,0,0,2,0,0,0,0,0,0,3,0,1,0,0,1,0,1,0,0,0,0,0,0,4,0,0,0,1,0,33,0,0,0,3,0,0,0,0,1,61,318,0.24,0.36,0,0,0,0,0,0,8
16_2009_11_T3,16,2009,11,T3,1,50,0,0,0,0,0,0,0,0,0,0,0,0,0,4,0,0,1,0,0,0,0,0,0,0,0,0,0,0,1,0,3,0,4,0,2,0,0,3,0,2,0,0,0,1,0,69,0,0,0,0,0,0,0,0,0,140,300,0.24,0.36,0,0,0,0,0,0,8
16_2009_11_T4,16,2009,11,T4,1,5,0,0,0,0,0,2,0,0,0,3,0,0,0,0,0,0,0,0,0,0,0,0,0,0,0,0,0,0,1,0,0,0,2,0,0,0,0,0,0,1,0,0,0,0,0,45,0,0,0,1,0,0,0,0,0,60,300,0.24,0.36,0,0,0,0,0,0,8
17_2009_11_T1,17,2009,11,T1,1,6,0,0,0,0,0,0,0,0,0,2,0,0,0,1,0,0,0,0,4,0,0,0,0,0,0,0,0,3,0,3,0,1,0,0,0,0,0,0,0,0,2,0,0,0,0,65,0,0,0,0,0,0,0,0,0,87,306,0.608991638,0.817245322,0,0,0,0,0,0,8
17_2009_11_T2,17,2009,11,T2,1,7,0,0,0,0,0,2,0,0,0,0,0,1,0,12,0,0,2,0,4,0,0,0,0,1,0,0,0,3,0,2,0,0,2,0,0,0,1,1,0,6,0,0,0,0,0,31,0,0,0,0,0,0,0,0,0,75,288,0.608991638,0.817245322,0,0,0,0,0,0,8
17_2009_11_T3,17,2009,11,T3,1,5,0,0,0,0,0,1,0,0,0,0,0,0,0,4,0,0,0,0,5,0,0,6,1,0,0,0,0,0,0,3,3,3,0,0,0,0,0,0,0,0,1,0,0,3,0,9,0,0,0,0,0,0,0,0,0,44,306,0.608991638,0.817245322,0,0,0,0,0,0,8
18_2009_11_T1,18,2009,11,T1,1,172,0,0,0,0,0,0,0,0,0,0,0,0,0,0,0,1,0,0,0,0,0,0,0,0,0,0,0,0,0,0,0,0,1,0,0,0,0,0,0,0,0,0,0,0,0,0,0,0,0,0,0,0,0,0,0,174,300,0.238042585,0.36439659,0,0,0,0,0,0,2
18_2009_11_T2,18,2009,11,T2,1,177,0,0,0,0,0,0,0,0,0,0,0,0,0,0,0,0,0,0,0,0,0,0,0,0,0,0,0,0,0,0,0,0,2,0,0,0,0,0,0,0,0,0,0,0,0,0,0,0,0,0,0,0,0,0,0,179,306,0.238042585,0.36439659,0,0,0,0,0,0,2
18_2009_11_T3,18,2009,11,T3,1,158,0,0,0,0,0,0,0,0,0,0,0,0,0,0,0,0,0,0,0,0,0,0,0,0,0,0,0,0,0,0,0,0,3,0,0,0,0,0,0,0,0,0,0,0,0,0,0,0,0,0,0,0,0,0,0,161,294,0.238042585,0.36439659,0,0,0,0,0,0,2
18_2009_11_T4,18,2009,11,T4,1,162,0,0,0,0,0,0,0,0,0,0,0,0,0,0,0,1,0,0,0,0,0,0,0,0,0,0,0,0,0,0,0,0,2,0,0,0,0,0,0,0,0,0,0,0,0,0,0,0,0,0,0,0,0,0,0,165,300,0.238042585,0.36439659,0,0,0,0,0,0,2
19_2009_11_T1,19,2009,11,T1,1,171,0,0,0,0,0,0,0,0,0,0,0,0,0,0,0,0,0,0,1,0,0,0,0,0,0,0,0,0,5,0,0,0,2,0,0,0,0,0,0,0,0,0,0,0,0,1,0,0,0,2,4,0,0,0,0,186,300,0,0,0,0,0,0,0,0,2
19_2009_11_T2,19,2009,11,T2,1,175,0,0,0,0,0,0,0,0,0,2,0,0,0,0,0,0,0,0,0,0,0,0,0,0,0,0,0,0,4,0,0,0,0,0,0,0,0,0,0,0,0,0,0,0,0,0,0,0,0,0,4,0,0,0,0,185,300,0,0,0,0,0,0,0,0,2
19_2009_11_T3,19,2009,11,T3,1,137,0,0,0,0,0,0,0,0,0,0,0,0,0,0,0,0,0,0,0,0,0,0,0,0,0,0,0,0,3,0,0,0,0,0,0,0,0,0,0,0,0,0,0,0,0,3,0,0,0,0,0,0,0,0,0,143,300,0,0,0,0,0,0,0,0,2
19_2009_11_T4,19,2009,11,T4,1,213,0,0,0,0,0,0,0,0,0,0,0,0,0,0,0,0,1,0,0,0,0,0,0,0,0,0,0,0,0,0,0,0,0,0,0,0,0,0,0,0,0,0,0,0,0,0,0,0,0,1,0,0,0,0,0,215,288,0,0,0,0,0,0,0,0,2
20_2009_11_T1,20,2009,11,T1,1,8,0,0,2,0,0,0,0,0,0,46,0,1,0,2,0,0,30,0,0,1,0,1,0,0,2,0,0,3,0,2,0,0,16,0,0,2,0,0,0,19,0,0,0,0,0,51,0,0,0,0,0,0,0,0,0,186,300,0.436155908,0.620349179,0,0,0,0,0,0,5.5
20_2009_11_T2,20,2009,11,T2,1,5,0,0,4,0,0,1,0,0,0,36,0,1,0,11,0,0,33,0,5,0,0,6,0,0,0,0,0,4,0,12,2,1,33,0,0,0,0,0,4,14,1,0,0,0,1,20,0,0,0,0,0,0,0,0,0,194,300,0.436155908,0.620349179,0,0,0,0,0,0,5.5
20_2009_11_T3,20,2009,11,T3,1,15,0,0,0,0,0,1,0,0,0,18,0,0,0,7,0,1,29,0,4,0,0,10,0,0,1,0,0,2,0,2,0,1,21,0,0,0,0,0,0,17,1,0,0,0,0,34,0,0,0,0,0,0,0,0,0,164,300,0.436155908,0.620349179,0,0,0,0,0,0,5.5
20_2009_11_T4,20,2009,11,T4,1,4,0,0,1,0,0,0,0,0,0,29,0,0,0,1,0,1,82,0,4,0,0,6,0,0,2,0,0,1,0,1,0,0,5,0,0,0,0,3,0,10,1,0,0,0,0,42,0,0,0,0,0,0,0,0,0,193,306,0.436155908,0.620349179,0,0,0,0,0,0,5.5
23_2009_11_T1,23,2009,11,T1,1,0,0,0,0,0,0,1,0,0,0,0,0,1,0,1,0,0,0,0,0,0,0,2,0,1,0,0,0,0,0,0,0,0,0,0,0,0,0,0,15,0,1,0,0,0,0,92,0,0,0,0,0,0,0,0,0,114,312,0.470397438,0.646694664,0,0,0,0,0,0,3
23_2009_11_T2,23,2009,11,T2,1,0,0,0,0,0,0,0,0,0,0,1,0,0,0,0,0,0,0,0,2,0,0,3,0,0,0,0,0,2,0,4,2,0,0,0,0,0,0,0,0,0,1,0,0,0,0,77,0,0,0,0,0,0,0,0,0,92,306,0.470397438,0.646694664,0,0,0,0,0,0,3
23_2009_11_T3,23,2009,11,T3,1,0,0,0,0,0,0,1,0,0,0,1,0,0,0,1,0,1,0,0,2,1,0,0,0,0,0,0,0,3,0,0,5,0,1,0,0,0,0,0,0,0,0,0,0,1,0,63,0,0,0,0,0,0,0,0,2,82,306,0.470397438,0.646694664,0,0,0,0,0,0,3
23_2009_11_T4,23,2009,11,T4,1,0,0,0,0,0,0,3,0,0,0,0,0,2,0,0,0,0,0,0,0,0,0,0,0,0,0,0,0,0,0,1,2,0,0,0,0,0,0,0,4,1,0,0,0,1,0,40,0,0,0,0,0,0,0,0,11,65,300,0.470397438,0.646694664,0,0,0,0,0,0,3
26_2009_11_T1,26,2009,11,T1,1,0,0,0,0,0,0,2,0,0,0,106,0,1,0,6,0,2,0,0,3,0,0,29,0,0,0,0,0,2,0,13,1,3,4,0,0,0,4,0,7,0,1,0,0,2,0,0,0,0,0,0,0,0,0,0,0,186,300,0.516779507,0.69739357,0,0,0,0,0,0,3
26_2009_11_T2,26,2009,11,T2,1,0,0,0,0,0,0,1,0,0,0,75,0,1,0,1,0,0,3,0,0,0,0,55,0,0,0,0,0,1,0,0,0,1,0,0,0,0,0,0,18,0,0,0,0,0,0,5,0,0,0,0,0,0,0,0,0,161,294,0.516779507,0.69739357,0,0,0,0,0,0,3
26_2009_11_T3,26,2009,11,T3,1,0,0,0,0,0,0,0,0,0,0,135,0,0,0,0,0,0,32,0,0,0,0,4,0,0,0,0,0,3,0,1,8,0,0,0,0,0,2,0,1,0,0,0,0,0,0,9,0,0,0,0,0,0,0,0,0,195,300,0.516779507,0.69739357,0,0,0,0,0,0,3
27_2009_11_T1,27,2009,11,T1,1,2,0,0,0,1,0,2,0,0,0,1,0,3,0,5,0,0,0,0,6,0,0,0,0,0,0,0,0,14,0,4,3,6,1,0,0,0,2,0,5,3,1,0,0,0,0,11,0,0,0,15,0,0,0,0,0,85,306,0.246220622,0.375663543,0,0,0,0,0,0,5.8
27_2009_11_T2,27,2009,11,T2,1,36,0,0,0,0,0,2,0,0,0,0,0,9,0,7,0,0,0,0,9,0,0,0,0,0,0,0,0,3,0,3,0,2,1,0,0,0,0,1,0,2,0,0,0,0,0,7,0,0,0,11,0,0,0,0,0,93,306,0.246220622,0.375663543,0,0,0,0,0,0,5.8
27_2009_11_T3,27,2009,11,T3,1,17,0,0,0,0,0,0,0,0,0,0,0,5,0,4,0,0,0,0,8,0,0,0,0,0,0,0,0,0,0,0,0,1,1,0,0,0,0,0,2,4,0,0,0,0,0,4,0,0,0,19,0,0,0,0,0,65,306,0.246220622,0.375663543,0,0,0,0,0,0,5.8
27_2009_11_T4,27,2009,11,T4,1,27,0,0,0,0,0,0,0,0,0,0,0,4,0,4,0,0,0,0,4,0,0,2,0,0,0,0,0,5,0,2,0,1,0,0,0,0,0,0,0,0,0,0,0,0,0,4,0,0,0,11,0,0,0,0,0,64,306,0.246220622,0.375663543,0,0,0,0,0,0,5.8
29_2009_11_T1,29,2009,11,T1,1,10,0,0,1,0,0,0,0,0,2,55,0,0,0,2,0,0,40,0,0,0,0,0,0,0,0,0,0,1,0,59,2,0,9,0,0,0,2,0,0,7,0,0,0,0,0,2,0,0,0,0,0,0,0,0,0,192,306,0.146220622,0.275663543,0,0,0,0,0,0,3
29_2009_11_T2,29,2009,11,T2,1,6,0,3,0,0,0,0,0,0,0,86,0,0,0,0,0,5,27,0,0,0,0,1,0,0,0,0,0,0,0,45,0,0,0,0,0,0,13,0,0,9,0,0,0,1,0,0,0,0,0,0,0,0,0,0,0,196,300,0.146220622,0.275663543,0,0,0,0,0,0,3
29_2009_11_T3,29,2009,11,T3,1,12,0,0,0,0,0,0,0,0,0,58,0,0,0,2,1,0,34,0,1,0,0,2,0,0,0,0,0,0,0,15,1,0,0,0,0,0,4,0,0,13,0,0,0,3,0,0,0,0,0,0,0,0,0,0,0,146,300,0.146220622,0.275663543,0,0,0,0,0,0,3
29_2009_11_T4,29,2009,11,T4,1,21,0,0,0,0,0,0,0,0,0,21,0,0,0,1,0,2,6,0,3,0,0,2,0,0,0,0,0,0,0,10,0,0,2,0,2,0,13,0,0,6,1,0,0,2,0,6,0,0,0,0,0,0,0,0,0,98,300,0.146220622,0.275663543,0,0,0,0,0,0,3
8_2010_4_T1,8,2010,4,T1,2,20,0,0,0,0,0,8,0,0,0,3,0,0,0,0,0,0,1,0,3,0,0,0,0,0,0,0,0,0,0,34,0,2,0,0,0,0,1,0,0,1,4,0,0,0,0,22,0,0,0,0,0,0,0,0,0,99,300,0,0,0,0,0,0,0,0,4
8_2010_4_T2,8,2010,4,T2,2,70,0,0,0,0,0,4,0,0,0,10,0,0,0,1,0,0,3,0,5,0,0,1,0,0,0,0,0,0,0,4,0,0,9,0,0,0,0,0,0,0,1,0,0,0,0,22,0,0,0,0,0,0,0,0,0,130,306,0,0,0,0,0,0,0,0,4
8_2010_4_T3,8,2010,4,T3,2,24,0,0,0,0,0,1,0,0,0,1,0,0,0,0,0,0,0,0,12,0,0,0,0,0,0,0,0,0,0,1,0,0,1,0,0,0,0,0,5,0,0,0,0,1,0,26,0,0,0,0,0,0,0,0,2,74,306,0,0,0,0,0,0,0,0,4
8_2010_4_T4,8,2010,4,T4,2,24,0,0,0,0,0,1,0,0,0,2,0,0,0,1,0,1,0,0,4,0,0,0,0,0,0,0,0,1,0,0,0,0,2,0,0,0,0,0,0,1,0,0,0,3,0,113,0,0,0,0,0,0,0,0,0,153,306,0,0,0,0,0,0,0,0,4
11_2010_4_T1,11,2010,4,T1,2,1,1,0,0,0,0,0,0,0,0,0,0,0,0,1,0,0,6,0,0,0,0,1,0,0,0,0,0,0,2,0,0,0,0,0,0,0,0,0,0,0,0,0,0,0,0,134,0,5,0,0,0,0,0,0,2,153,306,0.730429387,0.877547051,0,0,0,0,2.29,1,9
11_2010_4_T2,11,2010,4,T2,2,4,0,0,0,0,0,1,0,0,0,0,1,0,0,0,0,0,7,0,1,0,0,0,0,0,0,0,0,1,2,0,0,0,0,0,0,0,0,0,0,0,0,0,0,0,0,141,0,3,0,1,4,0,0,0,0,166,312,0.730429387,0.877547051,0,0,0,0,2.29,1,9
11_2010_4_T3,11,2010,4,T3,2,3,0,0,0,0,0,0,0,0,0,0,0,0,0,0,0,0,18,0,0,0,0,0,0,0,0,0,0,1,5,0,6,0,0,0,0,0,0,0,0,0,0,0,0,1,0,103,0,0,0,0,14,0,0,0,0,151,306,0.730429387,0.877547051,0,0,0,0,2.29,1,9
11_2010_4_T4,11,2010,4,T4,2,0,0,0,0,0,0,0,0,0,0,0,0,0,0,1,0,0,10,0,4,1,0,1,0,0,0,0,0,2,8,0,0,0,0,0,1,0,0,0,0,0,3,0,0,0,0,20,0,7,0,0,31,0,0,0,1,90,312,0.730429387,0.877547051,0,0,0,0,2.29,1,9
12_2010_4_T1,12,2010,4,T1,2,2,0,0,0,0,0,0,0,0,0,0,0,0,0,1,0,0,19,0,3,0,0,0,0,0,2,0,0,14,1,0,6,0,0,0,0,0,0,0,0,0,3,0,0,0,0,62,0,1,0,0,6,0,0,0,1,121,306,0.730429387,0.877547051,0,0,0,0,2.29,1,9
12_2010_4_T2,12,2010,4,T2,2,13,0,0,0,0,0,0,0,0,0,0,0,0,0,0,0,0,15,0,0,0,0,0,0,0,0,0,0,4,4,2,8,2,1,0,0,0,0,0,0,0,0,0,0,0,0,64,0,0,0,1,9,0,2,0,0,125,306,0.730429387,0.877547051,0,0,0,0,2.29,1,9
12_2010_4_T3,12,2010,4,T3,2,4,0,0,0,0,0,2,0,0,0,0,0,0,0,0,0,0,2,0,1,0,0,3,0,0,0,0,0,3,3,0,5,2,0,0,0,0,0,0,0,0,0,0,0,1,0,87,0,0,0,0,7,0,0,0,3,123,300,0.730429387,0.877547051,0,0,0,0,2.29,1,9
12_2010_4_T4,12,2010,4,T4,2,4,0,0,0,0,0,2,0,0,0,0,0,0,0,1,0,0,6,0,5,0,0,0,0,0,0,0,0,9,0,0,0,2,0,0,0,1,0,12,1,0,1,0,0,0,4,78,0,1,0,1,9,0,0,0,1,138,306,0.730429387,0.877547051,0,0,0,0,2.29,1,9
16_2010_4_T1,16,2010,4,T1,2,10,0,0,0,0,0,0,0,0,0,0,0,0,0,4,0,0,0,0,7,0,0,0,0,0,0,0,0,2,0,0,25,1,2,0,1,0,2,0,0,2,0,0,0,0,0,47,0,0,0,0,0,0,0,0,0,103,306,0.24,0.36,0,0,0,0,0,0,8
16_2010_4_T2,16,2010,4,T2,2,13,0,0,1,0,0,0,0,0,0,0,0,0,0,3,0,0,0,0,0,0,0,2,0,0,0,0,0,4,0,0,2,0,0,0,0,1,0,0,0,3,0,0,0,0,3,28,0,0,0,3,1,0,0,0,3,67,306,0.24,0.36,0,0,0,0,0,0,8
16_2010_4_T3,16,2010,4,T3,2,52,0,0,0,0,0,0,0,0,0,0,0,0,0,5,0,0,1,0,1,0,0,0,0,0,0,0,0,0,0,0,1,0,0,0,0,0,0,4,0,2,4,0,0,0,0,61,0,0,0,0,0,0,0,0,0,131,306,0.24,0.36,0,0,0,0,0,0,8
16_2010_4_T4,16,2010,4,T4,2,7,0,0,4,0,0,1,0,0,0,0,0,0,0,2,0,0,0,0,0,0,0,0,0,0,0,0,0,0,0,0,0,0,0,0,0,0,4,0,0,0,1,0,0,1,0,45,0,0,0,0,0,0,0,0,0,65,306,0.24,0.36,0,0,0,0,0,0,8
17_2010_4_T1,17,2010,4,T1,2,4,0,0,0,0,0,1,0,0,0,0,0,0,0,0,0,0,0,0,1,0,0,0,0,0,0,0,0,1,0,5,1,1,0,1,0,0,0,0,0,0,1,0,0,0,0,81,0,0,0,0,0,0,0,0,1,98,312,0.608991638,0.817245322,0,0,0,0,0,0,8
17_2010_4_T2,17,2010,4,T2,2,12,0,0,1,0,0,3,0,0,0,0,0,0,0,0,0,0,0,0,3,0,0,0,0,0,0,0,0,0,0,0,1,0,0,0,0,0,0,0,0,1,0,0,0,0,0,32,0,0,0,0,5,0,0,0,0,58,300,0.608991638,0.817245322,0,0,0,0,0,0,8
17_2010_4_T3,17,2010,4,T3,2,2,0,0,0,0,0,2,0,0,0,0,0,1,0,4,0,0,0,0,3,0,0,4,0,0,0,0,1,0,0,0,4,0,0,0,0,0,0,0,0,0,2,0,0,0,0,11,0,0,0,0,0,0,0,0,0,34,306,0.608991638,0.817245322,0,0,0,0,0,0,8
17_2010_4_T4,17,2010,4,T4,2,1,0,0,0,0,0,0,0,0,0,0,0,0,0,0,0,0,0,0,0,0,0,0,0,0,0,0,0,1,0,1,0,0,1,0,0,0,0,0,0,0,1,0,0,0,0,37,0,0,0,0,0,0,0,0,0,42,300,0.608991638,0.817245322,0,0,0,0,0,0,8
18_2010_4_T1,18,2010,4,T1,2,185,0,0,0,0,0,0,0,0,0,0,0,0,0,0,0,0,0,0,0,0,0,0,0,0,0,0,0,0,0,0,0,0,1,0,0,0,0,0,0,0,0,0,0,0,0,0,0,0,0,0,0,0,0,0,0,186,306,0.238042585,0.36439659,0,0,0,0,0,0,2
18_2010_4_T2,18,2010,4,T2,2,151,0,0,0,0,0,0,0,0,0,0,0,0,0,0,0,0,0,0,0,0,0,0,0,0,0,0,0,0,0,0,0,0,0,0,0,0,0,0,0,0,0,0,0,0,0,0,0,0,0,0,0,0,0,0,0,151,306,0.238042585,0.36439659,0,0,0,0,0,0,2
18_2010_4_T3,18,2010,4,T3,2,181,0,0,0,0,0,0,0,0,0,0,0,0,0,0,0,2,0,0,0,0,0,0,0,0,0,0,0,0,0,0,0,0,2,0,0,0,0,0,0,0,0,0,0,1,0,0,0,0,0,0,0,0,0,0,0,186,306,0.238042585,0.36439659,0,0,0,0,0,0,2
18_2010_4_T4,18,2010,4,T4,2,163,0,0,0,0,0,0,0,0,0,0,0,0,0,0,0,0,0,0,0,0,0,0,0,0,0,0,0,0,0,0,0,0,3,0,0,0,0,0,0,0,0,0,0,0,0,0,0,0,0,0,0,0,0,0,0,166,306,0.238042585,0.36439659,0,0,0,0,0,0,2
19_2010_4_T1,19,2010,4,T1,2,186,0,0,0,0,0,0,0,0,0,0,0,0,0,0,0,0,0,0,1,0,0,0,0,0,0,0,0,0,0,0,0,0,1,0,0,0,0,0,0,0,0,0,0,0,0,0,0,0,0,0,0,0,0,0,0,188,306,0,0,0,0,0,0,0,0,2
19_2010_4_T2,19,2010,4,T2,2,172,0,0,0,0,0,0,0,0,0,2,0,0,0,0,0,0,0,0,0,0,0,0,0,0,0,0,0,0,0,0,0,0,0,0,0,0,0,0,0,1,0,0,0,0,0,0,0,0,0,0,4,0,0,0,0,179,306,0,0,0,0,0,0,0,0,2
19_2010_4_T3,19,2010,4,T3,2,130,0,0,0,0,0,0,0,0,0,0,0,0,0,0,0,0,0,0,0,0,0,0,0,0,0,0,0,0,0,0,0,0,0,0,0,0,0,0,0,0,0,0,0,0,0,1,0,0,0,1,4,0,0,0,0,136,306,0,0,0,0,0,0,0,0,2
19_2010_4_T4,19,2010,4,T4,2,202,0,0,0,0,0,0,0,0,0,0,0,0,0,0,0,0,0,0,0,0,0,0,0,0,0,0,0,0,0,0,0,0,1,0,0,0,0,0,0,0,0,0,0,0,0,0,0,0,0,0,0,0,0,0,0,203,306,0,0,0,0,0,0,0,0,2
20_2010_4_T1,20,2010,4,T1,2,9,0,0,2,0,0,0,0,0,0,38,0,0,0,3,0,1,42,0,0,1,0,1,0,0,1,0,0,7,0,3,1,0,12,0,0,1,0,1,0,20,0,0,0,0,0,45,0,0,0,0,0,0,0,0,0,188,306,0.436155908,0.620349179,0,0,0,0,0,0,5.5
20_2010_4_T2,20,2010,4,T2,2,9,0,0,12,0,0,0,0,0,1,35,0,5,0,6,0,0,31,0,1,0,0,2,0,0,0,0,0,7,0,6,3,0,29,0,0,0,0,2,4,16,2,0,0,1,0,25,0,0,0,0,0,0,0,0,1,198,306,0.436155908,0.620349179,0,0,0,0,0,0,5.5
20_2010_4_T3,20,2010,4,T3,2,7,0,0,8,0,0,0,0,0,0,33,0,0,0,7,0,1,16,0,2,1,0,6,0,0,0,0,0,7,0,5,1,1,22,0,0,0,0,0,0,10,2,0,0,0,0,35,0,0,0,0,0,0,0,0,0,164,306,0.436155908,0.620349179,0,0,0,0,0,0,5.5
20_2010_4_T4,20,2010,4,T4,2,7,0,0,3,0,0,0,0,0,0,36,0,0,0,1,0,0,80,0,0,0,0,4,0,0,0,0,0,3,0,1,0,0,5,0,0,0,0,1,0,10,2,0,0,0,0,44,0,0,0,0,0,0,0,0,0,197,306,0.436155908,0.620349179,0,0,0,0,0,0,5.5
23_2010_4_T1,23,2010,4,T1,2,0,0,0,0,0,0,0,0,0,0,0,0,0,0,2,0,0,0,0,1,0,0,0,0,0,0,0,0,3,0,0,0,0,0,0,0,0,0,0,0,0,0,0,0,0,0,65,9,0,0,0,0,0,0,0,0,80,306,0.470397438,0.646694664,0,0,0,0,0,0,3
23_2010_4_T2,23,2010,4,T2,2,0,0,0,0,0,0,1,0,0,0,2,0,1,0,0,0,0,0,0,0,0,0,1,0,0,0,0,0,0,0,0,1,0,0,0,0,0,0,0,3,0,0,0,0,0,0,55,0,0,0,0,0,0,0,0,0,64,306,0.470397438,0.646694664,0,0,0,0,0,0,3
23_2010_4_T3,23,2010,4,T3,2,0,0,0,0,0,0,0,0,0,0,2,0,1,0,0,0,0,0,0,0,0,0,0,0,0,0,0,0,0,0,0,6,0,1,0,0,0,1,0,0,0,1,0,0,0,0,41,0,0,0,0,0,0,0,0,0,53,306,0.470397438,0.646694664,0,0,0,0,0,0,3
23_2010_4_T4,23,2010,4,T4,2,0,0,0,0,0,0,0,0,0,0,0,0,0,0,1,0,1,0,0,1,0,0,0,0,0,0,0,0,1,0,5,1,1,0,0,0,0,0,0,1,1,0,0,0,0,0,37,0,0,0,0,0,0,0,0,3,53,306,0.470397438,0.646694664,0,0,0,0,0,0,3
26_2010_4_T1,26,2010,4,T1,2,0,0,0,0,0,0,1,0,0,0,136,0,1,0,4,0,1,0,0,1,0,0,8,0,0,0,0,0,2,0,11,7,0,4,0,0,0,0,0,3,2,0,0,0,1,1,10,0,0,0,0,0,0,0,0,0,193,306,0.516779507,0.69739357,0,0,0,0,0,0,3
26_2010_4_T2,26,2010,4,T2,2,0,0,0,0,0,0,0,0,0,0,128,0,0,0,3,0,4,2,0,0,0,0,23,0,0,3,0,0,0,0,1,0,0,3,0,0,0,6,0,2,3,0,0,0,4,0,0,0,0,0,0,0,0,0,0,0,182,306,0.516779507,0.69739357,0,0,0,0,0,0,3
26_2010_4_T3,26,2010,4,T3,2,0,0,0,0,0,0,0,0,0,0,135,0,1,0,0,0,1,2,0,0,0,0,2,0,0,1,0,0,0,0,1,0,0,3,0,0,0,3,0,0,3,0,0,0,0,0,0,0,0,0,0,0,0,0,0,0,152,306,0.516779507,0.69739357,0,0,0,0,0,0,3
26_2010_4_T4,26,2010,4,T4,2,0,0,0,0,0,0,2,0,0,0,117,0,0,0,0,0,2,2,0,0,0,0,1,0,0,0,0,0,0,0,4,0,0,1,0,0,0,3,0,1,7,0,0,0,1,0,1,0,0,0,0,0,0,0,0,0,142,306,0.516779507,0.69739357,0,0,0,0,0,0,3
27_2010_4_T1,27,2010,4,T1,2,5,0,0,0,0,0,6,0,0,0,0,0,1,0,9,0,0,0,0,7,0,0,0,6,0,0,0,0,13,0,1,1,6,0,0,0,0,4,0,3,0,1,0,0,1,0,9,0,0,0,13,0,0,0,0,0,86,306,0.246220622,0.375663543,0,0,0,0,0,0,5.8
27_2010_4_T2,27,2010,4,T2,2,27,0,0,0,1,0,1,0,0,0,0,0,3,0,9,0,1,0,0,5,0,0,1,0,0,0,0,0,5,0,3,2,2,0,0,0,0,0,1,0,0,1,0,0,0,0,6,0,0,0,10,0,0,0,0,0,78,306,0.246220622,0.375663543,0,0,0,0,0,0,5.8
27_2010_4_T3,27,2010,4,T3,2,18,0,0,0,0,0,0,0,0,0,3,0,1,0,4,0,0,0,0,4,0,0,0,0,0,0,0,0,2,0,9,0,1,0,0,0,0,0,0,0,0,0,0,0,0,0,6,0,0,0,13,0,0,0,0,0,61,312,0.246220622,0.375663543,0,0,0,0,0,0,5.8
27_2010_4_T4,27,2010,4,T4,2,16,0,0,0,0,0,1,0,0,0,0,0,0,0,1,0,1,0,0,4,0,0,0,1,0,0,1,0,2,0,3,0,1,0,0,0,0,0,0,0,4,0,0,0,1,0,8,0,0,0,12,0,0,0,0,0,56,306,0.246220622,0.375663543,0,0,0,0,0,0,5.8
28_2010_4_T1,28,2010,4,T1,2,57,0,0,5,0,0,0,0,0,1,0,0,0,0,2,0,2,1,0,0,0,0,4,0,0,0,0,0,2,0,0,4,0,119,0,0,0,0,0,0,1,1,0,0,0,0,6,0,0,0,0,0,0,0,0,0,205,306,0.436155908,0.620349179,0,0,0,0,0,0,2.5
28_2010_4_T2,28,2010,4,T2,2,30,0,0,3,0,0,0,0,0,0,1,0,0,0,1,0,5,2,0,0,0,0,2,0,0,0,0,0,1,0,0,2,0,145,0,0,0,0,0,0,1,1,0,0,0,0,0,0,0,0,0,0,0,0,0,0,194,306,0.436155908,0.620349179,0,0,0,0,0,0,2.5
28_2010_4_T3,28,2010,4,T3,2,31,0,0,0,0,0,0,0,0,0,3,0,0,0,0,0,2,0,0,0,1,0,0,0,0,0,0,0,0,0,0,2,0,116,0,0,0,0,0,0,1,0,0,0,0,1,0,0,0,0,0,0,0,0,0,0,157,306,0.436155908,0.620349179,0,0,0,0,0,0,2.5
28_2010_4_T4,28,2010,4,T4,2,27,0,0,1,0,0,0,0,0,0,3,0,0,0,0,0,1,2,0,0,0,0,2,0,0,0,0,1,2,0,0,1,0,106,0,0,0,2,0,0,2,2,0,0,0,0,2,0,0,0,0,0,0,0,0,0,154,312,0.436155908,0.620349179,0,0,0,0,0,0,2.5
29_2010_4_T1,29,2010,4,T1,2,19,0,0,0,0,0,0,0,0,0,70,0,0,0,3,0,4,37,0,0,0,0,7,0,0,0,0,0,1,0,51,0,0,0,0,0,0,9,0,0,6,0,0,0,0,0,2,0,0,0,0,0,0,0,0,0,209,306,0.146220622,0.275663543,0,0,0,0,0,0,3
29_2010_4_T2,29,2010,4,T2,2,9,0,0,0,0,0,0,0,0,0,101,0,0,0,0,0,1,10,0,0,0,0,1,0,0,0,0,0,1,0,26,0,0,0,0,0,0,3,0,0,8,1,0,0,2,0,1,0,0,0,0,0,0,0,0,0,164,306,0.146220622,0.275663543,0,0,0,0,0,0,3
29_2010_4_T3,29,2010,4,T3,2,7,0,0,0,0,0,1,0,0,0,65,0,0,0,6,0,1,7,0,1,0,0,3,0,0,0,0,0,0,0,21,0,0,0,0,0,0,4,0,0,4,0,0,0,2,0,3,0,0,0,0,1,0,0,0,0,126,306,0.146220622,0.275663543,0,0,0,0,0,0,3
29_2010_4_T4,29,2010,4,T4,2,29,0,0,0,0,0,0,0,0,0,27,0,0,0,0,0,3,14,0,1,0,0,5,0,0,0,0,0,0,0,24,0,1,10,0,0,0,0,1,0,7,1,0,0,1,0,0,0,0,0,0,0,0,0,0,0,124,306,0.146220622,0.275663543,0,0,0,0,0,0,3
31_2010_4_T1,31,2010,4,T1,2,0,0,0,0,0,0,0,0,0,0,90,0,0,0,7,0,0,45,0,3,0,0,11,0,0,0,0,0,3,0,6,5,1,0,0,0,0,0,0,0,2,3,0,0,0,0,5,0,0,0,0,0,0,0,0,0,181,312,0,0,0,0,0,0,0,0,3
31_2010_4_T2,31,2010,4,T2,2,0,0,0,0,0,0,1,0,0,1,27,0,0,0,9,0,2,2,0,8,0,0,20,0,0,0,0,0,4,0,9,6,0,0,0,0,0,0,0,0,7,8,0,0,7,0,4,0,0,0,0,0,0,0,0,1,116,306,0,0,0,0,0,0,0,0,3
31_2010_4_T3,31,2010,4,T3,2,0,0,0,0,0,0,2,0,0,0,4,0,1,0,13,0,0,24,0,11,0,0,16,0,0,0,0,0,5,0,3,9,0,0,0,0,0,0,0,0,2,6,0,0,8,0,8,0,2,0,0,0,0,0,0,1,115,306,0,0,0,0,0,0,0,0,3
31_2010_4_T4,31,2010,4,T4,2,0,0,0,0,0,0,1,0,0,0,2,0,0,0,7,0,1,3,0,2,0,0,16,0,0,0,0,0,1,0,4,10,0,0,0,0,0,0,0,0,2,1,0,0,11,0,4,0,0,0,0,0,0,0,0,0,65,306,0,0,0,0,0,0,0,0,3
8_2011_2_T1,8,2011,2,T1,3,29,0,0,0,0,0,5,0,0,0,2,0,2,0,1,0,0,2,0,4,0,0,0,0,0,0,0,0,6,0,22,0,1,3,0,0,0,1,0,0,0,0,0,0,2,0,28,0,0,0,0,0,0,0,0,0,108,306,0,0,0,0,50.32,0,0,0,4
8_2011_2_T2,8,2011,2,T2,3,73,0,0,0,0,0,3,0,0,0,15,0,2,0,2,0,0,3,0,5,0,0,0,0,0,1,0,0,0,0,9,0,0,8,0,0,0,0,0,0,0,0,0,0,1,0,19,0,0,0,0,0,0,0,0,0,141,306,0,0,0,0,50.32,0,0,0,4
8_2011_2_T3,8,2011,2,T3,3,39,0,0,0,0,0,0,0,0,0,0,0,8,0,1,0,0,2,0,14,0,0,0,0,0,0,0,0,0,0,3,0,0,3,0,0,0,0,0,15,1,0,0,0,1,0,25,0,0,0,0,0,0,0,0,0,112,306,0,0,0,0,50.32,0,0,0,4
8_2011_2_T4,8,2011,2,T4,3,30,0,0,0,0,0,0,0,0,0,4,0,0,0,3,0,0,0,0,6,0,0,0,0,0,0,0,0,0,0,3,0,0,0,0,0,0,0,0,0,1,0,0,0,1,0,138,0,0,0,0,0,0,0,0,0,186,312,0,0,0,0,50.32,0,0,0,4
16_2011_2_T1,16,2011,2,T1,3,15,0,0,0,0,0,0,0,1,0,0,0,0,1,12,0,1,0,0,0,0,0,2,0,0,0,0,0,0,0,0,8,0,3,0,0,0,0,0,0,0,0,0,0,1,0,48,0,0,0,1,0,0,0,0,0,93,300,0.24,0.4,6.58,1,10.87,1,0,0,8
16_2011_2_T2,16,2011,2,T2,3,18,0,0,3,0,0,0,2,0,0,0,0,0,0,0,0,0,0,0,1,0,0,0,0,0,0,1,0,2,0,2,0,3,3,0,6,0,0,1,0,5,1,0,0,0,0,33,0,0,0,1,0,0,0,0,1,83,312,0.24,0.4,6.58,1,10.87,1,0,0,8
16_2011_2_T3,16,2011,2,T3,3,44,0,0,0,0,0,0,0,0,0,0,0,3,0,4,0,0,0,0,1,0,0,0,0,0,0,0,0,2,0,3,6,0,6,0,0,0,0,2,2,3,0,0,0,1,0,58,0,0,0,0,0,0,0,0,0,135,312,0.24,0.4,6.58,1,10.87,1,0,0,8
16_2011_2_T4,16,2011,2,T4,3,12,0,0,1,0,0,0,0,0,0,1,0,0,0,3,0,0,0,0,0,0,0,0,0,0,0,0,0,0,0,0,0,0,3,0,0,0,0,0,0,2,0,0,0,0,0,55,0,0,0,2,0,0,0,0,0,79,300,0.24,0.4,6.58,1,10.87,1,0,0,8
17_2011_2_T1,17,2011,2,T1,3,17,0,0,0,0,0,1,0,0,1,0,0,2,0,5,0,0,0,0,4,0,0,0,0,0,0,0,0,0,0,3,21,0,1,0,0,0,0,2,1,4,0,0,0,1,0,83,0,0,0,0,0,0,0,0,0,146,300,0.68,0.97,0,0,7.17,1,2.19,1,8
17_2011_2_T2,17,2011,2,T2,3,3,1,0,0,0,0,1,0,0,0,0,0,5,0,2,0,1,0,0,1,0,0,0,0,0,0,0,0,3,0,0,0,1,2,0,0,0,1,0,0,0,0,0,0,0,0,66,0,0,0,0,0,1,0,0,0,88,306,0.68,0.97,0,0,7.17,1,2.19,1,8
17_2011_2_T3,17,2011,2,T3,3,18,3,0,0,0,0,1,0,0,0,0,0,2,0,3,0,0,0,0,1,0,0,0,0,0,0,0,0,3,0,0,1,1,1,0,0,0,0,0,0,5,0,0,0,0,0,38,0,0,0,0,0,0,0,0,0,77,306,0.68,0.97,0,0,7.17,1,2.19,1,8
17_2011_2_T4,17,2011,2,T4,3,4,0,0,0,0,0,0,0,0,0,0,0,5,0,8,0,1,1,0,1,0,0,8,0,0,0,0,0,0,0,3,5,1,5,0,0,0,0,1,0,0,0,0,0,0,0,2,0,0,0,0,0,0,0,0,0,45,306,0.68,0.97,0,0,7.17,1,2.19,1,8
18_2011_2_T1,18,2011,2,T1,3,196,0,0,0,0,0,0,0,0,0,0,0,0,0,0,0,0,0,0,0,0,0,0,0,0,0,0,0,0,0,0,0,0,2,0,0,0,0,0,0,0,0,0,0,0,0,0,0,0,0,0,0,0,0,0,0,198,306,0.244599999,0.4036,8.77,1,26.07,1,0,0,2
18_2011_2_T2,18,2011,2,T2,3,199,0,0,0,0,0,0,0,0,0,0,0,0,0,0,0,0,0,0,0,0,0,0,0,0,0,0,0,0,0,0,0,0,0,0,0,0,0,0,0,0,0,0,0,0,0,0,0,0,0,0,0,0,0,0,0,199,318,0.244599999,0.4036,8.77,1,26.07,1,0,0,2
18_2011_2_T3,18,2011,2,T3,3,215,0,0,0,0,0,0,0,0,0,0,0,0,0,0,0,0,0,0,0,0,0,0,0,0,0,0,0,0,0,0,0,0,4,0,0,0,0,0,0,0,0,0,0,0,0,0,0,0,0,0,0,0,0,0,0,219,306,0.244599999,0.4036,8.77,1,26.07,1,0,0,2
18_2011_2_T4,18,2011,2,T4,3,203,0,0,0,0,0,0,0,0,0,0,0,0,0,0,0,0,0,0,0,0,0,0,0,0,0,0,0,0,0,0,0,0,1,0,0,0,0,0,0,0,0,0,0,1,0,0,0,0,0,1,0,0,0,0,0,206,306,0.244599999,0.4036,8.77,1,26.07,1,0,0,2
19_2011_2_T1,19,2011,2,T1,3,141,0,0,0,0,0,0,0,0,0,0,0,0,0,0,0,0,0,0,0,0,0,0,0,0,0,0,0,0,0,0,0,0,0,0,8,0,0,0,0,0,0,0,0,0,0,1,0,0,0,4,0,0,0,0,0,154,306,0,0,0,0,24.97,1,2.15,1,2
19_2011_2_T2,19,2011,2,T2,3,141,0,0,0,0,0,0,0,0,0,1,0,0,0,0,0,0,0,0,0,0,0,0,0,0,0,0,0,0,0,0,0,0,0,0,2,0,0,1,0,0,0,0,0,0,0,0,0,0,0,0,0,0,0,0,0,145,306,0,0,0,0,24.97,1,2.15,1,2
19_2011_2_T3,19,2011,2,T3,3,140,0,0,0,0,0,0,0,0,0,1,0,0,0,0,0,0,0,0,0,0,0,0,0,0,0,0,0,0,0,1,0,0,2,0,2,0,0,0,0,0,0,0,0,3,0,3,0,0,0,1,0,0,0,0,0,153,306,0,0,0,0,24.97,1,2.15,1,2
19_2011_2_T4,19,2011,2,T4,3,206,0,0,0,0,0,0,0,0,0,0,0,0,0,0,0,0,0,0,0,0,0,1,0,0,0,0,0,0,0,0,0,0,0,0,0,0,0,0,0,0,0,0,0,0,0,0,0,0,0,0,0,0,0,0,0,207,306,0,0,0,0,24.97,1,2.15,1,2
20_2011_2_T1,20,2011,2,T1,3,9,0,0,4,0,0,0,0,0,0,40,0,0,0,2,0,0,28,0,2,2,0,4,0,0,1,0,0,7,0,2,2,2,18,0,0,2,0,0,0,14,0,0,0,0,0,44,0,0,0,0,0,0,0,0,0,183,300,0.465100002,0.728000001,17.11,1,16.83,1,4.04,2,5.5
20_2011_2_T2,20,2011,2,T2,3,9,0,0,1,0,0,1,0,0,0,33,0,0,0,8,0,3,37,0,0,0,0,3,0,0,0,0,0,3,0,10,4,0,21,0,0,0,6,0,1,12,2,0,0,0,1,20,0,0,0,0,0,0,0,0,0,175,300,0.465100002,0.728000001,17.11,1,16.83,1,4.04,2,5.5
20_2011_2_T3,20,2011,2,T3,3,4,0,1,0,0,0,1,0,0,1,27,0,0,0,7,0,0,23,0,1,0,0,9,0,0,0,0,0,7,0,5,1,0,17,0,0,0,7,0,0,16,0,0,0,0,0,41,0,0,1,0,0,0,1,0,0,170,300,0.465100002,0.728000001,17.11,1,16.83,1,4.04,2,5.5
20_2011_2_T4,20,2011,2,T4,3,5,0,2,0,0,0,0,0,0,0,26,0,0,0,1,0,0,85,0,2,0,0,2,0,0,0,0,0,4,0,2,0,0,3,0,0,0,2,2,0,9,2,0,0,0,0,42,0,0,0,0,0,0,0,0,0,189,300,0.465100002,0.728000001,17.11,1,16.83,1,4.04,2,5.5
23_2011_2_T1,23,2011,2,T1,3,2,0,0,0,0,0,0,0,0,0,0,0,0,0,1,0,0,0,0,0,0,0,0,0,0,0,0,0,2,0,0,0,0,1,0,0,0,0,0,0,0,1,0,0,0,0,72,0,0,0,0,0,0,0,0,0,79,300,0.514399999,0.741599997,0.88,1,47.66,1,4.04,2,3
23_2011_2_T2,23,2011,2,T2,3,5,0,0,0,0,0,0,0,0,0,1,0,1,0,1,0,0,0,0,0,0,0,0,0,0,0,0,0,0,0,0,2,0,0,0,0,0,0,0,1,0,0,0,0,0,0,78,0,0,0,0,0,0,0,0,0,89,300,0.514399999,0.741599997,0.88,1,47.66,1,4.04,2,3
23_2011_2_T3,23,2011,2,T3,3,0,0,0,0,0,0,0,0,0,0,1,0,0,0,0,0,1,1,0,0,0,0,0,0,0,0,0,0,0,0,0,5,1,1,0,0,0,0,0,1,0,2,0,0,0,0,47,0,0,0,0,0,0,0,0,1,61,300,0.514399999,0.741599997,0.88,1,47.66,1,4.04,2,3
23_2011_2_T4,23,2011,2,T4,3,0,0,0,0,0,0,1,0,0,0,0,0,0,0,1,0,0,0,0,0,0,0,0,0,0,0,0,0,0,0,0,2,0,0,0,0,0,0,0,0,0,0,0,0,0,0,43,0,0,0,0,0,0,0,0,1,48,300,0.514399999,0.741599997,0.88,1,47.66,1,4.04,2,3
26_2011_2_T1,26,2011,2,T1,3,0,0,0,0,0,0,4,0,0,0,108,0,1,0,5,0,2,1,0,2,0,0,11,0,0,0,0,0,3,0,9,8,0,0,0,0,0,0,0,3,10,1,0,0,0,1,7,0,0,0,0,0,1,0,0,0,177,305,0.576799999,0.789200009,0.88,1,44.66,1,4.26,2,3
26_2011_2_T2,26,2011,2,T2,3,0,0,0,0,0,0,2,0,0,0,111,0,0,0,4,0,1,3,0,0,0,0,23,0,0,0,0,0,2,0,6,0,0,6,0,0,0,0,0,2,5,2,0,0,0,0,4,0,0,0,0,0,0,0,0,0,171,306,0.576799999,0.789200009,0.88,1,44.66,1,4.26,2,3
26_2011_2_T3,26,2011,2,T3,3,0,0,0,2,0,0,0,0,0,0,124,0,2,0,3,0,1,5,0,0,0,0,1,0,0,0,0,0,0,0,2,0,0,4,0,0,0,0,0,0,3,0,0,0,3,0,0,0,0,0,0,0,0,0,0,0,150,300,0.576799999,0.789200009,0.88,1,44.66,1,4.26,2,3
26_2011_2_T4,26,2011,2,T4,3,0,0,0,1,0,0,0,0,0,0,116,0,0,0,1,0,1,2,0,0,0,0,2,0,0,0,0,0,0,0,2,0,0,6,0,0,0,0,0,0,0,0,0,0,1,0,0,0,0,0,0,0,0,0,0,0,132,300,0.576799999,0.789200009,0.88,1,44.66,1,4.26,2,3
27_2011_2_T1,27,2011,2,T1,3,6,0,0,0,0,0,5,0,0,0,0,0,15,0,7,0,1,2,0,13,0,3,0,0,0,0,0,0,16,0,2,6,2,0,0,0,0,3,0,0,2,0,0,0,0,0,3,0,0,0,11,0,0,0,0,0,97,306,0.246220622,0.375663543,8.33,1,13.98,1,0,0,5.8
27_2011_2_T2,27,2011,2,T2,3,29,0,0,0,0,0,1,0,2,0,0,0,10,0,2,0,1,0,0,3,0,1,0,0,0,0,0,0,5,0,6,12,1,1,0,0,0,2,2,2,0,0,0,0,1,0,12,0,0,0,13,0,0,0,0,0,106,306,0.246220622,0.375663543,8.33,1,13.98,1,0,0,5.8
27_2011_2_T3,27,2011,2,T3,3,35,0,0,0,0,0,0,0,0,0,0,0,3,0,6,0,0,0,0,2,0,0,1,0,0,1,0,0,5,0,9,3,0,2,0,0,0,0,0,2,0,0,0,0,0,0,0,0,0,0,21,0,0,0,0,0,90,306,0.246220622,0.375663543,8.33,1,13.98,1,0,0,5.8
27_2011_2_T4,27,2011,2,T4,3,33,0,0,0,0,0,1,0,0,0,0,0,0,0,1,0,0,0,0,1,0,0,1,0,0,0,0,0,0,0,0,0,0,0,0,0,0,0,0,0,1,6,0,0,0,0,17,0,0,0,6,0,0,0,0,0,67,306,0.246220622,0.375663543,8.33,1,13.98,1,0,0,5.8
29_2011_2_T1,29,2011,2,T1,3,24,0,0,0,0,0,0,0,0,0,86,0,0,0,1,0,1,42,0,0,0,0,5,0,0,0,0,0,1,0,43,0,0,0,0,0,0,1,0,0,17,0,0,0,1,0,0,0,0,0,0,0,0,0,0,0,222,306,0.146220622,0.275663543,0,0,39.78,1,0,0,3
29_2011_2_T2,29,2011,2,T2,3,9,0,0,0,0,0,0,0,0,0,119,0,0,0,3,0,1,12,0,1,0,0,0,0,0,0,0,0,0,0,24,0,0,0,0,0,0,14,0,0,9,0,0,0,1,0,0,0,0,0,0,0,0,0,0,0,193,300,0.146220622,0.275663543,0,0,39.78,1,0,0,3
29_2011_2_T3,29,2011,2,T3,3,8,3,0,0,0,0,0,0,0,0,103,0,0,0,2,0,1,5,0,0,0,0,1,0,0,0,0,0,1,0,21,0,0,0,0,0,0,7,0,0,8,0,0,0,0,0,2,0,0,0,0,0,0,0,0,0,162,306,0.146220622,0.275663543,0,0,39.78,1,0,0,3
29_2011_2_T4,29,2011,2,T4,3,35,0,0,0,0,0,0,0,0,0,34,0,0,0,0,0,2,16,0,0,0,0,2,0,0,0,0,0,2,0,20,0,0,1,0,0,0,3,0,0,7,0,0,0,1,0,4,0,0,0,0,0,0,0,0,0,127,300,0.146220622,0.275663543,0,0,39.78,1,0,0,3
31_2011_2_T1,31,2011,2,T1,3,2,0,0,0,0,0,0,0,0,0,113,0,2,0,12,0,0,28,0,10,0,0,12,0,0,1,0,0,0,0,7,8,0,1,0,0,0,0,0,0,1,0,0,0,0,0,2,0,0,0,0,0,0,0,0,0,199,300,0,0,0,0,48.4,1,4.26,2,3
31_2011_2_T2,31,2011,2,T2,3,0,0,0,0,0,0,0,0,0,0,26,0,4,0,7,0,4,6,0,8,1,0,11,0,0,3,0,0,2,0,7,10,0,6,0,0,0,1,0,0,3,5,0,0,16,0,15,0,0,0,0,0,0,0,0,0,135,300,0,0,0,0,48.4,1,4.26,2,3
31_2011_2_T3,31,2011,2,T3,3,2,2,0,0,0,0,0,0,0,1,8,0,0,0,11,0,0,27,0,11,0,0,21,0,0,0,0,0,4,0,4,5,0,1,0,0,0,0,0,2,6,3,0,0,5,0,13,0,0,0,0,0,0,0,0,0,126,300,0,0,0,0,48.4,1,4.26,2,3
31_2011_2_T4,31,2011,2,T4,3,0,0,0,0,0,0,0,0,0,0,7,0,0,0,4,0,1,0,0,4,0,0,18,0,0,0,0,0,4,0,3,14,0,0,0,0,0,0,0,1,2,0,0,0,11,0,8,0,0,0,0,0,0,0,0,0,77,300,0,0,0,0,48.4,1,4.26,2,3
5_2011_5_T1,5,2011,5,T1,4,20,0,0,0,0,0,3,0,0,0,2,0,0,0,0,0,3,0,0,5,0,0,0,0,0,0,0,0,0,0,1,0,0,15,0,40,0,0,0,1,1,2,0,0,0,0,32,0,0,0,0,0,0,0,0,0,125,300,0,0,0,0,0,0,0,0,3
5_2011_5_T2,5,2011,5,T2,4,21,0,0,0,0,0,2,0,0,1,0,0,0,0,5,0,0,0,0,1,0,0,1,0,0,0,0,0,2,0,2,11,0,2,0,55,0,1,0,0,5,2,0,0,0,0,27,0,0,0,0,0,0,0,1,0,139,306,0,0,0,0,0,0,0,0,3
5_2011_5_T3,5,2011,5,T3,4,32,0,1,0,0,0,2,0,0,0,0,0,4,0,6,0,0,16,0,3,0,0,0,0,0,0,0,0,2,0,1,0,0,12,0,26,0,2,0,9,4,0,0,0,0,0,34,0,0,0,0,0,0,0,0,10,164,306,0,0,0,0,0,0,0,0,3
8_2011_5_T1,8,2011,5,T1,4,8,2,0,0,0,0,1,0,0,0,3,0,1,0,3,0,0,1,0,2,1,2,0,0,0,0,0,0,3,0,23,0,0,0,0,0,0,0,0,0,4,1,0,0,0,0,26,0,0,0,0,0,0,0,0,0,81,306,0,0,0,0,0,0,0,0,4
8_2011_5_T2,8,2011,5,T2,4,61,0,0,0,0,0,6,0,0,0,13,0,0,0,0,0,0,1,0,4,0,0,0,0,0,0,0,0,0,0,3,0,2,11,0,0,0,0,0,0,2,0,0,0,0,0,12,0,0,0,0,0,0,0,0,0,115,306,0,0,0,0,0,0,0,0,4
8_2011_5_T3,8,2011,5,T3,4,17,1,0,0,0,0,1,0,0,0,0,0,0,0,0,0,0,0,0,14,0,0,0,0,0,0,0,0,1,0,3,0,0,3,0,0,0,0,0,6,0,0,0,0,0,0,33,0,0,0,0,0,0,0,0,0,79,318,0,0,0,0,0,0,0,0,4
8_2011_5_T4,8,2011,5,T4,4,18,0,0,0,0,0,0,0,0,0,1,0,1,0,0,0,0,1,0,2,0,0,0,0,0,0,0,0,0,0,1,0,0,2,0,0,0,0,0,0,2,0,0,0,0,0,115,0,0,0,0,0,0,0,0,0,143,312,0,0,0,0,0,0,0,0,4
11_2011_5_T1,11,2011,5,T1,4,0,4,0,0,0,0,0,0,0,0,0,0,2,0,0,0,0,5,0,1,0,0,0,0,0,0,0,0,0,0,0,0,1,5,0,0,0,0,2,0,0,0,0,1,0,0,138,0,2,0,1,0,0,0,0,0,162,324,0.74,0.9,0,0,0,0,7.35,3,9
11_2011_5_T2,11,2011,5,T2,4,6,1,0,0,0,0,1,0,0,0,0,0,0,0,0,0,0,3,0,3,0,0,0,0,0,0,0,0,0,0,0,0,0,1,0,0,0,0,0,0,0,0,0,0,0,0,145,0,4,0,1,5,0,0,0,2,172,312,0.74,0.9,0,0,0,0,7.35,3,9
11_2011_5_T3,11,2011,5,T3,4,3,15,0,0,0,0,0,0,0,0,0,0,0,0,0,0,0,23,0,2,0,0,2,0,0,0,0,0,0,0,0,0,0,1,0,0,0,0,0,0,0,0,0,0,0,0,80,0,7,0,0,0,0,0,0,0,133,306,0.74,0.9,0,0,0,0,7.35,3,9
11_2011_5_T4,11,2011,5,T4,4,2,45,0,0,0,0,1,0,0,0,0,0,1,0,2,0,0,15,0,1,0,0,2,0,0,0,0,0,1,0,0,0,0,0,0,0,0,0,0,0,0,1,0,0,3,0,26,0,5,0,0,1,0,0,0,0,106,329,0.74,0.9,0,0,0,0,7.35,3,9
12_2011_5_T1,12,2011,5,T1,4,2,15,2,0,0,0,1,0,0,0,1,0,2,0,1,0,0,7,0,2,1,0,3,0,0,0,0,0,11,0,0,0,3,0,0,0,0,0,0,0,0,2,0,0,1,1,64,0,0,0,1,0,0,0,0,1,121,306,0.74,0.9,0,0,0,0,7.35,3,9
12_2011_5_T2,12,2011,5,T2,4,2,16,0,0,0,0,0,0,0,0,0,0,0,0,2,0,0,9,0,3,1,0,1,0,0,0,0,0,2,0,0,3,3,2,0,0,0,0,0,0,0,3,0,0,0,0,80,0,0,0,0,0,0,0,0,0,127,305,0.74,0.9,0,0,0,0,7.35,3,9
12_2011_5_T3,12,2011,5,T3,4,14,20,0,0,0,0,0,0,0,0,0,0,0,0,0,0,0,10,0,0,0,0,0,0,0,0,0,0,3,0,0,6,0,1,0,0,0,0,0,0,0,0,0,0,1,0,69,0,0,0,2,0,0,0,0,1,127,306,0.74,0.9,0,0,0,0,7.35,3,9
12_2011_5_T4,12,2011,5,T4,4,4,12,0,0,0,0,0,0,0,0,0,0,0,0,0,0,0,3,0,2,0,0,3,0,0,0,0,0,0,0,0,0,1,0,0,0,0,0,0,0,0,2,0,0,2,0,112,0,0,0,0,0,0,0,0,0,141,312,0.74,0.9,0,0,0,0,7.35,3,9
15_2011_5_T1,15,2011,5,T1,4,10,0,0,0,0,1,1,0,0,1,0,0,0,0,4,0,0,0,0,0,0,0,0,0,0,0,0,0,0,0,1,0,0,8,0,0,0,0,0,0,0,3,0,0,0,0,79,0,0,0,0,0,0,0,0,0,108,311,0.76,0.95,0,0,0,0,8.22,3,9
15_2011_5_T2,15,2011,5,T2,4,5,0,0,0,0,0,1,0,0,0,0,0,0,0,3,0,0,0,0,4,0,0,0,0,0,0,0,0,4,0,0,0,5,2,0,0,0,0,0,0,2,2,0,0,1,0,77,0,0,0,0,0,0,0,0,1,107,312,0.76,0.95,0,0,0,0,8.22,3,9
15_2011_5_T3,15,2011,5,T3,4,11,0,0,0,0,0,3,0,0,0,0,0,0,0,5,0,0,0,0,0,0,0,0,0,0,0,0,0,4,0,3,0,1,5,0,0,0,0,0,0,0,0,0,0,1,0,59,0,0,0,0,0,0,0,0,1,93,305,0.76,0.95,0,0,0,0,8.22,3,9
16_2011_5_T1,16,2011,5,T1,4,24,0,0,1,0,0,0,0,0,0,0,0,1,0,0,0,0,0,0,0,0,0,0,0,0,0,0,0,1,0,3,7,0,6,0,0,0,1,9,0,0,0,0,0,0,0,60,0,0,0,1,0,0,0,0,0,114,306,0.28,0.39,9.23,1,0,0,0,0,8
16_2011_5_T2,16,2011,5,T2,4,12,2,0,0,0,0,0,0,3,0,0,0,0,0,2,0,0,0,0,1,0,0,0,0,0,0,0,0,3,0,0,1,0,2,0,0,0,0,0,0,5,2,0,0,0,0,43,0,0,0,3,0,0,0,0,0,79,312,0.28,0.39,9.23,1,0,0,0,0,8
16_2011_5_T3,16,2011,5,T3,4,33,0,0,0,0,0,0,0,0,0,0,0,0,0,0,0,0,0,0,2,0,0,0,0,0,1,0,0,1,0,0,0,0,7,0,0,0,0,2,2,1,1,0,0,2,0,79,0,0,0,0,0,0,0,0,0,131,294,0.28,0.39,9.23,1,0,0,0,0,8
16_2011_5_T4,16,2011,5,T4,4,9,5,0,0,0,0,0,0,0,0,2,0,0,0,1,0,0,0,0,0,0,0,0,0,0,0,0,0,0,0,1,1,0,5,0,0,0,0,0,0,1,2,0,0,0,0,52,0,0,0,0,0,0,0,0,0,79,306,0.28,0.39,9.23,1,0,0,0,0,8
17_2011_5_T1,17,2011,5,T1,4,26,0,0,0,0,0,0,0,0,0,1,0,0,0,0,0,0,0,0,1,0,0,1,0,0,0,0,0,0,0,5,26,0,0,0,0,0,0,1,0,8,4,0,0,0,0,68,0,0,0,0,0,0,0,0,0,141,294,0.69,0.87,0,0,0,0,2.19,1,8
17_2011_5_T2,17,2011,5,T2,4,7,0,0,0,0,0,0,0,0,0,0,0,2,0,1,0,0,0,0,2,1,0,0,0,0,0,0,0,2,0,1,2,0,0,0,0,0,1,0,0,0,1,0,0,1,0,60,0,0,0,0,0,0,0,0,0,81,282,0.69,0.87,0,0,0,0,2.19,1,8
17_2011_5_T3,17,2011,5,T3,4,12,0,0,0,0,0,1,0,0,0,0,0,0,0,0,0,0,0,0,1,0,0,0,0,0,0,0,0,5,0,0,0,2,3,0,0,0,0,0,0,0,0,0,0,0,0,43,0,0,0,0,0,0,0,0,1,68,301,0.69,0.87,0,0,0,0,2.19,1,8
17_2011_5_T4,17,2011,5,T4,4,3,0,0,0,0,0,1,0,0,0,0,0,3,0,5,0,0,0,0,3,0,0,2,0,0,0,0,0,2,0,0,0,1,0,0,0,0,0,0,0,0,1,0,0,1,0,9,0,0,0,0,0,0,0,0,0,31,300,0.69,0.87,0,0,0,0,2.19,1,8
18_2011_5_T1,18,2011,5,T1,4,163,0,0,0,0,0,0,0,0,0,0,0,0,0,0,0,0,0,0,0,0,0,0,0,0,0,0,0,0,0,0,0,0,3,0,0,0,0,0,0,0,0,0,0,0,0,0,0,0,0,0,0,0,0,0,0,166,288,0.278564357,0.387128713,0.09,1,0,0,0,0,2
18_2011_5_T2,18,2011,5,T2,4,151,1,0,0,0,0,0,0,0,0,0,0,0,0,0,0,0,0,0,0,0,0,0,0,0,0,0,0,0,0,0,0,0,0,0,0,0,0,0,0,0,0,0,0,0,0,0,0,0,0,0,0,0,0,0,0,152,300,0.278564357,0.387128713,0.09,1,0,0,0,0,2
18_2011_5_T3,18,2011,5,T3,4,183,0,0,0,0,0,0,0,0,0,0,0,0,0,0,0,0,0,0,0,0,0,0,0,0,0,0,0,0,0,0,0,0,6,0,0,0,0,0,0,0,0,0,0,0,0,0,0,0,0,0,0,0,0,0,0,189,306,0.278564357,0.387128713,0.09,1,0,0,0,0,2
18_2011_5_T4,18,2011,5,T4,4,153,0,0,0,0,0,0,0,0,0,0,0,0,0,0,0,0,0,0,0,0,0,0,0,0,0,0,0,0,0,0,0,0,4,0,0,0,0,0,0,1,0,0,0,0,0,0,0,0,0,0,0,0,0,0,0,158,300,0.278564357,0.387128713,0.09,1,0,0,0,0,2
19_2011_5_T1,19,2011,5,T1,4,189,0,0,0,0,0,0,0,0,0,0,0,0,0,0,0,0,0,0,0,0,0,0,0,0,0,0,0,0,0,0,0,0,0,0,0,0,0,0,0,0,0,0,0,0,0,0,0,0,0,0,0,0,0,0,0,189,306,0,0,0,0,0,0,2.15,1,2
19_2011_5_T2,19,2011,5,T2,4,124,9,0,0,0,0,0,0,0,0,1,0,0,0,1,0,0,0,0,0,0,0,0,0,0,0,0,0,0,0,0,0,0,0,0,0,0,0,0,0,0,0,0,0,0,0,0,0,0,0,0,0,1,0,0,0,136,306,0,0,0,0,0,0,2.15,1,2
19_2011_5_T3,19,2011,5,T3,4,129,4,0,0,0,0,0,0,0,0,4,0,0,0,0,0,0,0,0,0,0,0,0,0,0,0,0,0,0,0,0,0,0,2,0,0,0,0,0,0,0,0,0,0,0,0,0,0,0,0,1,0,0,0,0,0,140,306,0,0,0,0,0,0,2.15,1,2
19_2011_5_T4,19,2011,5,T4,4,147,3,0,0,0,0,0,0,0,0,0,0,0,0,0,0,0,0,0,0,0,0,0,0,0,0,0,0,0,0,0,0,0,0,0,0,0,0,0,0,0,0,0,0,1,0,4,0,0,0,0,0,0,0,0,0,155,306,0,0,0,0,0,0,2.15,1,2
20_2011_5_T1,20,2011,5,T1,4,4,0,0,0,0,0,2,0,0,0,49,0,1,0,1,0,0,25,0,1,0,0,1,0,0,5,0,0,8,0,2,1,1,17,0,0,0,0,0,0,18,3,0,0,2,0,56,0,0,0,0,0,0,0,0,0,197,306,0.46680693,0.62950495,23.08,1,0,0,5.15,2,5.5
20_2011_5_T2,20,2011,5,T2,4,9,0,0,0,0,0,0,0,0,0,36,0,2,0,8,0,0,30,0,2,0,0,4,0,0,0,0,0,4,0,8,5,2,25,0,0,0,1,2,0,15,4,0,0,0,0,26,0,0,0,0,0,0,0,0,0,183,306,0.46680693,0.62950495,23.08,1,0,0,5.15,2,5.5
20_2011_5_T3,20,2011,5,T3,4,10,0,0,0,0,0,0,0,0,0,16,0,0,0,6,0,1,16,0,1,1,0,5,0,0,0,0,0,8,0,5,0,0,11,0,0,0,5,0,0,17,2,0,0,0,0,40,0,0,0,0,0,0,0,0,0,144,306,0.46680693,0.62950495,23.08,1,0,0,5.15,2,5.5
20_2011_5_T4,20,2011,5,T4,4,10,0,0,0,0,0,0,0,0,0,35,0,0,0,2,0,0,80,0,1,1,0,0,0,0,0,0,0,3,0,1,0,0,5,0,0,0,2,3,0,16,0,0,0,0,0,40,0,0,0,0,0,0,0,0,0,199,306,0.46680693,0.62950495,23.08,1,0,0,5.15,2,5.5
23_2011_5_T1,23,2011,5,T1,4,0,0,0,0,0,0,1,0,0,0,0,0,1,0,2,0,0,0,0,0,0,0,0,0,0,0,0,0,2,0,0,0,0,0,0,0,0,0,0,0,0,0,0,0,1,0,26,13,0,0,0,0,0,0,0,0,46,300,0.473663366,0.630891091,1.54,1,0,0,5.15,2,3
23_2011_5_T2,23,2011,5,T2,4,0,0,0,0,0,0,0,0,0,0,2,0,0,0,0,0,0,0,0,0,0,0,1,0,0,0,0,0,0,0,4,1,0,0,0,0,0,0,0,0,0,0,0,0,0,0,48,0,0,0,0,0,0,0,0,0,56,300,0.473663366,0.630891091,1.54,1,0,0,5.15,2,3
23_2011_5_T3,23,2011,5,T3,4,0,1,0,0,0,0,0,0,0,0,1,0,2,0,1,0,0,0,0,0,0,0,0,0,0,0,0,0,0,0,0,1,0,1,0,0,0,0,0,0,2,1,0,0,0,0,29,0,0,0,0,0,0,0,0,3,42,300,0.473663366,0.630891091,1.54,1,0,0,5.15,2,3
23_2011_5_T4,23,2011,5,T4,4,0,0,0,0,0,0,0,0,0,0,1,0,1,0,0,0,0,2,0,0,0,0,0,0,0,0,0,0,1,0,1,0,0,0,0,0,0,0,0,0,0,0,0,0,0,0,13,0,0,0,0,0,0,0,0,3,22,300,0.473663366,0.630891091,1.54,1,0,0,5.15,2,3
26_2011_5_T1,26,2011,5,T1,4,0,0,0,0,0,0,1,0,0,0,94,0,0,0,5,0,3,1,0,0,0,0,7,0,0,0,0,0,1,0,17,5,0,0,0,0,0,1,0,6,6,2,0,0,1,0,9,0,0,0,0,0,0,0,0,0,159,306,0.474529703,0.62910891,1.54,1,0,0,5.31,2,3
26_2011_5_T2,26,2011,5,T2,4,0,1,0,0,0,0,0,0,0,0,119,0,0,0,1,0,1,2,0,2,0,0,16,0,0,0,0,0,2,0,7,0,0,0,0,0,0,1,0,3,11,0,0,0,1,0,0,0,0,0,0,0,0,0,0,4,171,306,0.474529703,0.62910891,1.54,1,0,0,5.31,2,3
26_2011_5_T3,26,2011,5,T3,4,0,0,0,0,0,0,0,0,0,0,130,0,1,0,2,0,1,4,0,0,0,0,0,0,0,0,0,0,1,0,0,0,0,0,0,0,0,1,0,1,5,1,0,0,0,0,1,0,0,0,0,0,1,0,0,0,149,306,0.474529703,0.62910891,1.54,1,0,0,5.31,2,3
26_2011_5_T4,26,2011,5,T4,4,0,0,0,0,0,0,0,0,0,0,118,0,0,0,0,0,0,1,0,0,0,0,0,0,0,0,0,0,2,0,0,0,0,0,0,0,0,6,0,0,5,0,0,0,0,0,0,0,0,0,0,0,0,0,0,0,132,305,0.474529703,0.62910891,1.54,1,0,0,5.31,2,3
27_2011_5_T1,27,2011,5,T1,4,4,0,0,0,0,0,1,0,0,1,0,0,0,0,2,0,0,0,0,6,0,0,3,0,0,0,0,0,13,0,6,8,1,2,0,0,1,9,0,1,4,0,0,0,0,0,14,0,0,0,4,0,0,0,0,3,83,306,0.246220622,0.375663543,7.69,1,0,0,0,0,5.8
27_2011_5_T2,27,2011,5,T2,4,28,0,0,0,0,0,0,0,0,0,0,0,5,0,5,0,1,0,0,2,0,0,0,0,0,0,0,0,4,0,0,4,1,1,0,0,0,3,0,1,0,1,0,0,0,0,12,0,0,0,3,0,0,0,0,0,71,300,0.246220622,0.375663543,7.69,1,0,0,0,0,5.8
27_2011_5_T3,27,2011,5,T3,4,24,0,0,0,0,0,0,0,0,0,0,0,0,0,2,0,0,0,0,9,0,0,0,0,0,0,0,0,2,0,6,0,1,0,0,0,0,0,0,2,5,0,0,0,0,0,3,0,0,0,2,0,0,0,0,0,56,306,0.246220622,0.375663543,7.69,1,0,0,0,0,5.8
27_2011_5_T4,27,2011,5,T4,4,21,0,0,0,0,0,0,0,0,0,0,0,0,0,0,0,0,1,0,2,0,0,1,0,0,0,1,0,2,0,3,2,1,0,0,0,0,0,0,0,5,0,0,0,2,0,10,0,0,0,1,0,0,0,0,0,52,306,0.246220622,0.375663543,7.69,1,0,0,0,0,5.8
28_2011_5_T1,28,2011,5,T1,4,31,0,0,0,0,0,0,0,0,0,4,0,1,0,4,0,2,1,0,0,0,0,0,0,0,0,0,0,3,0,0,1,1,103,0,0,0,1,0,0,0,0,0,0,0,0,1,0,0,0,0,0,0,0,0,0,153,306,0.46680693,0.62950495,16.38,1,0,0,5.15,2,2.5
28_2011_5_T2,28,2011,5,T2,4,31,0,0,0,0,0,0,0,0,0,1,0,0,0,2,0,1,0,0,2,0,0,0,0,0,0,0,0,0,0,3,0,0,94,0,0,0,0,0,0,0,0,0,0,0,0,0,0,0,0,0,0,0,0,0,0,134,300,0.46680693,0.62950495,16.38,1,0,0,5.15,2,2.5
28_2011_5_T3,28,2011,5,T3,4,35,0,0,0,0,0,0,0,0,0,4,0,0,0,0,0,3,0,0,1,0,0,0,0,0,0,0,0,0,0,0,0,0,64,0,0,0,0,0,0,0,0,0,0,0,0,0,0,0,0,0,0,0,0,0,0,107,294,0.46680693,0.62950495,16.38,1,0,0,5.15,2,2.5
28_2011_5_T4,28,2011,5,T4,4,23,0,0,0,0,0,0,0,0,0,2,0,0,0,1,0,0,1,0,0,0,0,0,0,0,0,0,0,1,0,0,0,0,49,0,0,0,0,0,0,1,1,0,0,0,0,1,0,0,0,0,0,0,0,0,0,80,300,0.46680693,0.62950495,16.38,1,0,0,5.15,2,2.5
29_2011_5_T1,29,2011,5,T1,4,10,0,0,0,0,0,0,0,0,0,72,0,0,0,1,0,0,27,0,0,0,0,10,0,0,0,0,0,0,0,26,0,0,3,0,0,0,3,0,0,5,0,0,0,0,0,0,0,0,0,0,0,0,0,0,0,157,300,0.146220622,0.275663543,0,0,0,0,0,0,3
29_2011_5_T2,29,2011,5,T2,4,9,0,2,0,0,0,0,0,0,0,96,0,0,0,3,0,1,4,0,0,0,0,0,0,0,0,0,0,1,0,23,0,0,1,0,0,0,3,0,0,13,0,0,0,0,0,1,0,0,0,0,0,0,0,0,0,157,306,0.146220622,0.275663543,0,0,0,0,0,0,3
29_2011_5_T3,29,2011,5,T3,4,6,0,0,0,0,0,0,0,0,0,69,0,0,0,2,0,0,6,0,0,0,0,2,0,0,0,0,0,0,0,16,0,0,2,0,0,0,4,0,0,10,0,0,0,0,0,1,0,0,0,0,0,0,0,0,0,118,300,0.146220622,0.275663543,0,0,0,0,0,0,3
29_2011_5_T4,29,2011,5,T4,4,31,0,0,0,0,0,0,0,0,0,23,0,0,0,0,0,2,17,0,0,0,0,2,0,0,0,0,0,0,0,17,0,1,0,0,0,0,3,0,0,11,0,0,0,1,0,0,0,0,0,0,0,0,0,0,0,108,306,0.146220622,0.275663543,0,0,0,0,0,0,3
31_2011_5_T1,31,2011,5,T1,4,0,0,0,0,0,0,0,0,0,0,116,0,0,0,4,0,0,34,0,1,0,0,10,0,0,0,0,0,1,0,3,0,0,0,0,0,0,0,0,0,0,2,0,0,0,0,7,0,0,0,0,0,0,0,0,0,178,306,0,0,0.34,1,0,0,5.31,2,3
31_2011_5_T2,31,2011,5,T2,4,0,0,0,0,0,0,1,0,0,0,22,0,0,0,9,0,2,2,0,5,1,0,20,0,0,2,0,0,7,0,8,3,1,1,0,0,0,0,0,0,10,15,0,0,8,0,3,0,0,0,0,0,3,0,0,3,126,294,0,0,0.34,1,0,0,5.31,2,3
31_2011_5_T3,31,2011,5,T3,4,0,1,0,0,0,0,1,0,0,0,7,0,4,0,13,0,0,37,0,6,0,0,6,0,0,0,0,0,4,0,3,1,1,0,0,0,0,0,0,0,4,7,0,0,5,0,10,0,0,0,0,0,0,0,0,0,110,306,0,0,0.34,1,0,0,5.31,2,3
31_2011_5_T4,31,2011,5,T4,4,0,0,0,0,0,0,0,0,0,0,3,0,0,0,8,0,0,1,0,6,0,0,11,0,0,0,0,0,1,0,2,4,0,0,0,0,0,0,0,1,3,7,0,0,11,0,3,0,0,0,0,0,0,0,0,0,61,300,0,0,0.34,1,0,0,5.31,2,3
5_2011_11_T1,5,2011,11,T1,5,11,0,0,0,0,0,1,0,0,0,0,0,2,0,0,0,0,0,0,1,0,0,0,0,0,0,0,0,1,0,4,4,0,0,0,25,0,0,0,1,0,1,0,0,0,0,22,0,0,0,0,0,0,0,0,0,73,300,0,0,0,0,0,0,0,0,3
5_2011_11_T2,5,2011,11,T2,5,23,0,0,1,0,0,1,0,0,0,0,0,1,0,4,0,0,0,0,1,0,0,1,0,0,0,0,0,0,0,1,5,0,7,0,29,0,1,0,0,1,1,0,0,0,0,16,0,0,0,0,0,0,0,0,0,93,296,0,0,0,0,0,0,0,0,3
5_2011_11_T3,5,2011,11,T3,5,6,0,0,3,0,0,2,0,0,0,0,0,5,0,3,0,0,1,0,1,0,0,0,0,0,0,0,0,4,0,2,4,0,5,0,30,0,1,0,1,0,0,0,0,0,0,25,0,0,0,0,0,0,0,0,0,93,298,0,0,0,0,0,0,0,0,3
8_2011_11_T1,8,2011,11,T1,5,26,0,0,0,0,0,4,0,0,0,2,0,0,2,3,0,0,0,0,1,0,1,0,0,0,0,0,0,3,0,19,0,2,3,0,0,0,0,0,0,3,1,0,0,0,0,15,0,0,0,0,0,0,0,0,0,85,300,0,0,0,0,0,0,0,0,4
8_2011_11_T2,8,2011,11,T2,5,61,0,0,0,0,0,14,0,0,0,4,0,2,0,0,0,0,1,0,5,0,0,0,0,0,0,0,0,0,0,3,0,1,5,0,0,0,0,0,0,1,0,0,0,1,0,8,0,0,0,0,0,0,0,0,0,106,305,0,0,0,0,0,0,0,0,4
8_2011_11_T3,8,2011,11,T3,5,21,0,0,0,0,0,3,0,0,0,1,0,1,0,0,0,0,0,0,14,0,0,0,0,0,0,0,0,1,0,2,0,0,4,0,0,0,0,0,5,0,0,0,0,0,0,25,0,0,0,0,0,0,0,0,0,77,294,0,0,0,0,0,0,0,0,4
8_2011_11_T4,8,2011,11,T4,5,17,0,0,0,0,0,7,0,0,0,0,0,1,0,0,0,0,0,0,4,0,1,0,0,0,0,0,0,1,0,2,0,1,1,0,0,0,0,0,0,0,0,0,0,1,0,84,0,0,0,0,0,0,0,0,0,120,300,0,0,0,0,0,0,0,0,4
11_2011_11_T1,11,2011,11,T1,5,0,0,0,0,0,0,0,0,0,0,0,0,0,0,1,0,0,5,0,1,0,1,0,0,0,0,0,0,1,0,1,0,0,0,0,6,0,0,1,0,0,1,0,0,0,0,115,0,0,0,2,0,0,0,0,1,136,306,0.72,0.86,0,0,0,0,0,0,9
11_2011_11_T2,11,2011,11,T2,5,5,0,1,0,0,0,1,0,0,0,0,0,0,0,0,0,0,3,0,2,0,0,1,0,0,0,0,0,0,0,0,0,0,0,0,12,0,0,0,0,0,1,0,0,1,0,145,0,0,0,0,0,0,0,0,0,172,300,0.72,0.86,0,0,0,0,0,0,9
11_2011_11_T3,11,2011,11,T3,5,6,0,2,0,0,0,1,0,0,0,0,0,0,0,1,0,0,13,0,1,0,1,4,0,0,0,0,0,1,0,0,6,0,0,0,21,0,0,0,0,0,0,0,0,2,0,89,0,0,0,1,0,0,0,0,0,149,282,0.72,0.86,0,0,0,0,0,0,9
11_2011_11_T4,11,2011,11,T4,5,3,0,0,0,0,0,1,0,0,0,0,0,0,0,2,0,0,13,0,0,0,0,0,0,0,0,0,0,0,0,0,0,0,0,0,43,0,0,0,3,0,1,0,0,0,0,22,0,0,0,0,0,0,0,0,0,88,300,0.72,0.86,0,0,0,0,0,0,9
12_2011_11_T1,12,2011,11,T1,5,1,0,0,0,0,0,2,0,0,0,0,0,2,0,3,0,0,1,0,0,0,0,4,0,0,0,0,0,8,0,0,0,1,1,0,8,0,0,1,2,0,1,0,0,0,0,68,0,0,0,1,0,0,0,0,1,105,306,0.72,0.86,0,0,0,0,0,0,9
12_2011_11_T2,12,2011,11,T2,5,4,0,1,0,0,0,0,0,0,0,0,0,0,0,1,0,0,16,0,2,0,2,0,0,0,0,0,0,5,0,1,7,0,0,0,12,0,0,0,0,0,1,0,0,0,0,80,0,0,0,2,0,0,0,0,0,134,306,0.72,0.86,0,0,0,0,0,0,9
12_2011_11_T3,12,2011,11,T3,5,10,0,1,0,0,0,0,0,0,0,1,0,0,0,3,0,0,11,0,0,0,0,2,0,0,0,0,0,1,0,0,4,1,0,0,8,0,0,0,1,0,0,0,0,0,0,69,0,0,0,1,0,1,0,0,0,114,300,0.72,0.86,0,0,0,0,0,0,9
12_2011_11_T4,12,2011,11,T4,5,2,0,0,0,0,0,1,0,0,0,0,0,1,0,0,0,0,1,0,0,0,1,4,0,0,0,0,0,0,0,0,0,0,0,0,15,0,0,0,0,0,0,0,0,1,0,95,0,0,0,0,0,0,0,0,0,121,306,0.72,0.86,0,0,0,0,0,0,9
15_2011_11_T1,15,2011,11,T1,5,15,0,0,0,0,0,0,0,0,0,0,0,0,0,0,0,0,1,0,1,0,0,0,0,0,0,0,0,1,0,2,2,0,0,0,0,0,0,0,0,1,1,0,0,0,0,74,0,0,0,0,0,0,1,0,0,99,312,0.65,0.84,0,0,0,0,0,0,9
15_2011_11_T2,15,2011,11,T2,5,8,0,0,0,0,0,1,0,0,0,0,0,0,0,1,0,0,0,0,3,0,0,0,0,0,0,0,0,0,0,0,3,0,0,0,0,0,4,0,0,0,1,0,0,0,0,56,0,0,0,0,0,2,1,0,0,80,318,0.65,0.84,0,0,0,0,0,0,9
15_2011_11_T3,15,2011,11,T3,5,7,0,0,1,0,0,2,0,0,0,0,0,0,0,2,0,0,0,0,5,0,0,0,0,0,0,0,0,4,0,4,0,0,0,0,0,0,1,0,0,3,1,0,0,0,0,28,0,0,0,0,0,0,0,0,1,59,306,0.65,0.84,0,0,0,0,0,0,9
16_2011_11_T1,16,2011,11,T1,5,15,0,0,2,0,0,0,0,1,0,0,0,0,0,1,0,0,0,0,1,0,1,0,0,0,0,0,0,6,0,0,32,0,6,0,0,0,4,0,0,4,4,0,0,1,0,36,0,0,0,0,0,0,0,0,0,114,300,0.25,0.38,12.86,1,0,0,0,0,8
16_2011_11_T2,16,2011,11,T2,5,15,0,0,1,0,0,0,0,0,0,0,0,1,0,2,0,0,0,0,0,0,2,0,0,0,0,2,0,0,0,1,1,0,1,0,4,0,0,3,0,2,3,0,0,0,0,25,0,0,0,4,0,0,0,0,0,67,306,0.25,0.38,12.86,1,0,0,0,0,8
16_2011_11_T3,16,2011,11,T3,5,41,0,0,0,0,0,0,0,0,0,3,0,0,0,4,0,1,0,0,2,0,0,0,0,0,0,0,0,2,0,0,0,0,2,0,1,0,3,0,4,0,4,0,0,0,0,58,0,0,0,0,0,0,0,0,1,126,306,0.25,0.38,12.86,1,0,0,0,0,8
16_2011_11_T4,16,2011,11,T4,5,4,0,0,0,0,0,1,0,0,0,3,0,1,0,3,0,0,0,0,0,0,0,0,0,0,0,0,0,1,0,1,0,0,0,0,1,0,0,0,0,7,0,0,0,1,0,52,0,0,0,0,0,0,0,0,0,75,306,0.25,0.38,12.86,1,0,0,0,0,8
17_2011_11_T1,17,2011,11,T1,5,27,0,0,0,0,0,1,0,0,0,1,0,2,0,0,0,0,0,0,0,0,0,2,0,0,0,0,0,1,0,4,10,1,3,0,1,0,3,2,1,1,2,0,0,0,0,69,0,0,0,0,0,0,0,0,0,131,306,0.58,0.78,2.14,1,0,0,0,0,8
17_2011_11_T2,17,2011,11,T2,5,2,0,0,0,0,0,0,0,0,0,0,0,0,0,1,0,0,0,0,1,0,0,2,0,0,0,0,0,3,0,0,0,0,2,1,0,0,2,0,0,0,6,0,0,0,0,71,0,0,0,0,0,1,0,0,0,92,300,0.58,0.78,2.14,1,0,0,0,0,8
17_2011_11_T3,17,2011,11,T3,5,4,0,0,0,0,0,1,0,0,0,0,0,2,0,1,0,0,0,0,0,0,0,0,0,0,0,0,0,4,0,2,1,0,0,0,0,0,0,0,0,0,4,0,0,0,0,23,0,0,0,0,0,1,0,0,1,44,300,0.58,0.78,2.14,1,0,0,0,0,8
17_2011_11_T4,17,2011,11,T4,5,7,0,0,0,0,0,1,0,0,0,0,0,0,0,3,0,0,0,0,6,0,0,1,0,0,0,0,0,2,0,1,5,0,0,0,0,0,0,0,0,0,3,0,0,0,0,1,0,0,0,1,0,2,0,0,0,33,306,0.58,0.78,2.14,1,0,0,0,0,8
18_2011_11_T1,18,2011,11,T1,5,155,0,0,0,0,0,0,0,0,0,0,0,0,0,0,0,0,0,0,0,0,0,0,0,0,0,0,0,0,0,0,0,0,0,0,0,0,0,0,0,0,0,0,0,0,0,0,0,0,0,0,0,0,0,0,0,155,306,0.246975308,0.383580246,9.29,1,0,0,0,0,2
18_2011_11_T2,18,2011,11,T2,5,170,0,0,0,0,0,0,0,0,0,0,0,0,0,0,0,0,0,0,0,0,0,0,0,0,0,0,0,0,0,0,0,0,0,0,0,0,0,0,0,0,0,0,0,0,0,0,0,0,0,0,0,0,0,0,0,170,306,0.246975308,0.383580246,9.29,1,0,0,0,0,2
18_2011_11_T3,18,2011,11,T3,5,163,0,0,0,0,0,0,0,0,0,0,0,0,0,0,0,2,0,0,0,0,0,0,0,0,0,0,0,0,0,0,0,0,2,0,0,0,0,0,0,0,0,0,0,0,0,0,0,0,0,0,0,0,0,0,0,167,294,0.246975308,0.383580246,9.29,1,0,0,0,0,2
18_2011_11_T4,18,2011,11,T4,5,152,0,0,0,0,0,0,0,0,0,0,0,0,0,0,0,0,0,0,0,0,0,0,0,0,0,0,0,0,0,0,0,0,4,0,0,0,0,0,0,0,0,0,0,0,0,0,0,0,0,1,0,0,0,0,0,157,300,0.246975308,0.383580246,9.29,1,0,0,0,0,2
19_2011_11_T1,19,2011,11,T1,5,130,0,0,0,0,0,0,0,0,0,2,0,0,0,0,0,0,0,0,0,0,0,0,0,0,0,0,0,0,0,0,0,0,0,0,6,0,0,0,0,0,0,0,0,0,0,1,0,0,0,1,0,0,0,0,0,140,306,0,0,0,0,0,0,0,0,2
19_2011_11_T2,19,2011,11,T2,5,154,0,0,0,0,0,0,0,0,0,1,0,0,0,0,0,0,0,0,0,0,0,0,0,0,0,0,0,0,0,0,0,0,0,0,1,0,0,0,0,0,0,0,0,0,0,3,0,0,0,0,0,0,0,0,0,159,306,0,0,0,0,0,0,0,0,2
19_2011_11_T3,19,2011,11,T3,5,120,0,0,0,0,0,0,0,0,0,0,0,0,0,0,0,0,0,0,0,0,1,0,0,0,0,0,0,0,0,2,0,0,1,0,6,0,0,0,0,0,0,0,0,0,0,0,0,0,0,0,0,0,0,0,0,130,306,0,0,0,0,0,0,0,0,2
19_2011_11_T4,19,2011,11,T4,5,179,0,0,0,0,0,0,0,0,0,0,0,0,0,0,0,0,0,0,0,0,0,0,0,0,0,0,0,0,0,0,0,0,0,0,0,0,0,0,0,0,0,0,0,0,0,0,0,0,0,0,0,0,0,0,0,179,306,0,0,0,0,0,0,0,0,2
20_2011_11_T1,20,2011,11,T1,5,4,0,0,0,0,0,0,0,0,2,53,0,2,0,3,0,0,37,1,2,1,0,2,0,0,6,0,0,5,0,6,3,0,7,0,0,1,1,0,0,22,0,0,0,1,0,54,0,0,0,0,0,2,0,0,0,215,306,0.412407408,0.595925926,3.05,1,0,0,0,0,5.5
20_2011_11_T2,20,2011,11,T2,5,11,0,0,1,0,0,0,0,0,2,32,0,2,0,5,0,0,31,0,0,0,0,4,0,0,0,1,0,6,0,6,6,0,27,0,0,0,3,0,3,4,3,0,0,0,0,24,3,0,0,0,0,0,0,0,1,175,300,0.412407408,0.595925926,3.05,1,0,0,0,0,5.5
20_2011_11_T3,20,2011,11,T3,5,9,0,0,0,0,0,0,0,0,1,15,0,2,0,3,0,0,21,0,2,0,1,5,0,0,0,0,0,4,0,7,0,0,12,0,0,0,4,0,0,11,3,0,0,0,0,39,0,0,0,0,0,0,0,0,0,139,300,0.412407408,0.595925926,3.05,1,0,0,0,0,5.5
20_2011_11_T4,20,2011,11,T4,5,3,0,2,0,0,0,0,0,0,1,34,0,0,0,2,0,0,64,0,0,0,1,5,0,0,3,0,0,5,0,2,0,0,1,0,0,0,1,2,0,10,0,0,0,2,0,44,0,0,0,0,0,0,0,0,0,182,306,0.412407408,0.595925926,3.05,1,0,0,0,0,5.5
23_2011_11_T1,23,2011,11,T1,5,0,0,0,0,0,0,0,0,0,0,0,0,0,0,1,0,0,0,0,1,0,0,0,0,0,0,0,0,2,0,0,0,0,1,0,0,0,0,0,18,0,0,0,0,1,0,40,0,0,0,0,0,0,0,0,0,64,306,0.424290123,0.599938271,4.29,1,0,0,0,0,3
23_2011_11_T2,23,2011,11,T2,5,0,0,0,0,0,0,1,0,0,0,0,0,2,0,0,0,0,0,0,1,0,0,1,0,0,0,0,0,1,0,0,1,0,0,0,0,0,0,0,1,0,0,0,0,1,0,81,0,0,0,0,0,0,0,0,0,90,318,0.424290123,0.599938271,4.29,1,0,0,0,0,3
23_2011_11_T3,23,2011,11,T3,5,1,0,0,0,0,0,1,0,0,1,0,0,1,0,0,0,0,0,0,0,0,0,0,0,0,0,0,0,0,0,0,4,0,0,0,0,0,0,0,2,0,1,0,0,0,0,23,0,0,0,0,0,0,0,0,0,34,324,0.424290123,0.599938271,4.29,1,0,0,0,0,3
23_2011_11_T4,23,2011,11,T4,5,0,0,0,0,0,0,0,0,0,0,1,0,0,0,0,0,1,0,0,1,0,0,0,0,0,0,0,0,0,0,3,0,0,0,0,0,0,0,0,2,0,1,0,0,0,0,27,0,0,0,0,0,0,0,0,4,40,306,0.424290123,0.599938271,4.29,1,0,0,0,0,3
26_2011_11_T1,26,2011,11,T1,5,0,0,0,0,0,0,1,0,0,0,111,0,2,0,2,0,2,0,0,3,0,0,13,0,0,0,0,0,4,0,17,4,0,0,0,0,0,4,0,8,4,4,0,0,2,0,11,0,0,0,0,0,0,0,0,0,192,306,0.442700618,0.617962965,0,0,0,0,0,0,3
26_2011_11_T2,26,2011,11,T2,5,2,0,0,0,0,0,1,0,0,0,113,0,0,0,5,0,1,0,0,1,0,0,18,0,0,0,0,0,1,0,10,1,0,1,0,0,0,4,0,0,5,0,0,0,1,0,0,0,0,0,0,0,0,0,0,0,164,306,0.442700618,0.617962965,0,0,0,0,0,0,3
26_2011_11_T3,26,2011,11,T3,5,0,0,0,0,0,0,1,0,0,0,151,0,0,0,1,0,0,4,0,0,0,0,0,0,0,0,0,0,0,0,0,0,0,1,0,0,0,8,0,0,8,0,0,0,1,0,0,0,0,0,0,0,0,0,0,0,175,306,0.442700618,0.617962965,0,0,0,0,0,0,3
26_2011_11_T4,26,2011,11,T4,5,1,0,0,0,0,0,1,0,0,0,106,0,0,0,2,0,1,0,0,0,0,0,2,0,0,0,0,0,0,0,0,0,0,0,0,0,0,6,0,0,3,0,0,0,1,0,0,0,0,0,0,0,0,0,0,0,123,306,0.442700618,0.617962965,0,0,0,0,0,0,3
27_2011_11_T1,27,2011,11,T1,5,3,0,0,0,0,0,3,0,0,0,0,0,7,0,12,0,2,0,0,4,0,0,0,0,0,0,0,0,20,0,10,10,2,0,0,0,2,3,0,0,6,3,0,0,0,0,11,0,0,0,17,0,0,0,0,0,115,300,0.246220622,0.375663543,5,1,0,0,0,0,5.8
27_2011_11_T2,27,2011,11,T2,5,28,0,0,1,0,0,3,0,0,2,1,0,11,1,4,0,1,0,0,1,0,0,0,0,0,0,0,0,6,0,5,1,0,0,0,0,0,1,2,1,2,1,0,0,0,0,5,0,0,0,4,0,0,0,0,0,81,306,0.246220622,0.375663543,5,1,0,0,0,0,5.8
27_2011_11_T3,27,2011,11,T3,5,21,0,0,1,0,0,0,0,0,0,0,0,1,1,3,0,0,1,0,3,0,0,0,0,0,0,0,0,2,0,7,0,1,0,0,0,0,0,0,4,1,1,0,0,0,0,5,0,0,0,3,0,0,0,0,0,55,300,0.246220622,0.375663543,5,1,0,0,0,0,5.8
27_2011_11_T4,27,2011,11,T4,5,19,0,0,0,0,0,4,0,0,0,0,0,3,0,2,0,0,2,0,4,0,1,1,0,0,0,0,0,2,0,5,1,0,0,0,0,0,0,0,0,2,3,0,0,0,0,8,0,0,0,7,0,0,0,0,0,64,318,0.246220622,0.375663543,5,1,0,0,0,0,5.8
28_2011_11_T1,28,2011,11,T1,5,36,0,0,0,0,0,2,0,0,0,6,0,2,0,5,0,2,0,0,0,0,0,1,0,0,0,0,0,1,0,0,0,0,106,0,0,0,1,0,1,1,0,0,0,0,0,0,0,0,0,0,0,0,0,0,0,164,310,0.412407408,0.595925926,15,1,0,0,0,0,2.5
28_2011_11_T2,28,2011,11,T2,5,18,0,0,0,0,0,0,0,0,0,1,0,0,0,0,0,3,0,0,0,0,0,0,0,0,0,0,0,2,0,3,0,0,89,0,0,0,3,0,0,0,1,0,0,0,0,2,0,0,0,0,0,0,0,0,0,122,300,0.412407408,0.595925926,15,1,0,0,0,0,2.5
28_2011_11_T3,28,2011,11,T3,5,14,0,0,1,0,0,0,0,0,0,0,0,0,0,0,0,4,1,0,0,0,0,2,0,0,0,0,0,1,0,0,1,0,58,0,0,0,1,0,0,1,3,0,0,0,0,0,0,0,0,0,0,0,0,0,0,87,318,0.412407408,0.595925926,15,1,0,0,0,0,2.5
28_2011_11_T4,28,2011,11,T4,5,19,0,2,0,0,0,0,0,0,0,0,0,0,0,2,0,0,0,0,0,1,0,0,0,0,0,0,0,1,0,1,2,0,58,0,0,0,0,0,0,0,2,0,0,0,0,2,0,0,0,0,0,0,0,0,1,91,306,0.412407408,0.595925926,15,1,0,0,0,0,2.5
29_2011_11_T1,29,2011,11,T1,5,15,0,0,0,0,0,0,0,0,0,62,0,0,0,2,0,0,39,0,0,0,1,4,0,0,1,0,0,1,0,39,0,0,0,0,1,0,1,0,0,10,0,0,0,0,0,5,0,0,0,0,0,0,0,0,0,181,294,0.146220622,0.275663543,0,0,0,0,0,0,3
29_2011_11_T2,29,2011,11,T2,5,6,0,1,0,0,0,0,0,0,0,94,0,0,0,2,0,1,10,0,0,0,1,0,0,0,0,0,0,1,0,24,0,0,3,0,0,0,2,0,0,11,2,0,0,0,0,1,0,0,0,0,0,0,0,0,0,159,306,0.146220622,0.275663543,0,0,0,0,0,0,3
29_2011_11_T3,29,2011,11,T3,5,6,0,0,0,0,0,0,0,0,0,85,0,0,0,2,0,1,6,0,0,0,0,5,0,0,0,0,0,1,0,27,0,0,1,0,1,0,2,0,0,11,1,0,0,0,0,4,0,0,0,0,0,0,0,0,0,153,306,0.146220622,0.275663543,0,0,0,0,0,0,3
29_2011_11_T4,29,2011,11,T4,5,28,0,0,0,0,0,0,0,0,2,32,0,0,0,0,0,0,7,0,2,0,0,1,0,0,0,0,0,2,0,27,0,0,0,0,0,0,12,4,0,3,0,0,0,1,0,0,0,0,0,0,0,0,0,0,0,121,318,0.146220622,0.275663543,0,0,0,0,0,0,3
31_2011_11_T1,31,2011,11,T1,5,1,0,0,0,0,0,0,0,0,0,142,0,1,0,1,0,0,29,0,4,0,0,7,0,0,0,0,0,1,0,4,0,0,4,0,0,0,0,0,0,3,1,0,0,0,0,3,0,0,0,0,0,0,0,0,0,201,330,0,0,0,0,0,0,0,0,3
31_2011_11_T2,31,2011,11,T2,5,0,0,0,0,0,0,0,0,0,1,28,0,3,0,8,0,1,1,0,6,0,0,23,0,0,6,0,0,1,0,5,6,0,0,0,0,0,0,0,0,3,1,0,0,15,0,7,0,0,0,0,0,0,0,0,0,115,306,0,0,0,0,0,0,0,0,3
31_2011_11_T3,31,2011,11,T3,5,0,0,0,0,0,0,1,0,0,0,5,0,0,0,12,0,0,36,0,20,0,0,10,0,0,0,0,0,9,0,4,3,0,0,0,0,0,0,0,1,0,0,0,0,5,0,8,0,0,0,0,0,0,0,0,0,114,306,0,0,0,0,0,0,0,0,3
31_2011_11_T4,31,2011,11,T4,5,0,0,0,0,0,0,0,0,0,0,0,0,0,0,5,0,0,2,0,3,0,0,11,0,0,0,0,0,3,0,2,5,0,0,0,0,0,0,0,1,1,4,0,0,15,0,6,0,0,0,0,0,0,0,0,0,58,306,0,0,0,0,0,0,0,0,3
32_2011_11_T1,32,2011,11,T1,5,6,0,0,0,0,0,0,0,0,0,0,0,0,0,0,0,0,3,0,6,0,0,0,0,0,1,0,0,0,0,0,3,1,0,0,1,0,1,0,0,0,1,0,0,3,0,53,0,0,0,0,0,0,0,0,0,79,299,0,0,67.44,1,0,0,0,0,3
32_2011_11_T2,32,2011,11,T2,5,19,0,0,0,0,0,0,0,0,0,0,0,1,0,1,0,0,0,0,4,0,0,0,0,0,0,0,0,2,0,0,0,0,0,0,0,0,1,0,0,0,0,0,0,1,0,6,0,0,0,0,0,0,0,0,1,36,300,0,0,67.44,1,0,0,0,0,3
32_2011_11_T3,32,2011,11,T3,5,0,0,0,0,0,0,1,0,0,0,0,0,1,0,0,0,1,1,0,1,0,0,0,0,0,0,0,0,1,0,0,18,0,1,0,0,0,0,0,0,0,0,0,0,0,0,24,0,0,0,0,0,0,1,0,4,54,294,0,0,67.44,1,0,0,0,0,3
5_2012_5_T1,5,2012,5,T1,6,2,0,0,0,0,0,0,0,0,0,0,0,0,0,2,3,0,0,0,0,0,0,0,0,0,0,0,1,2,0,0,3,0,0,0,20,0,0,0,0,1,0,0,0,0,0,34,0,0,0,0,0,0,0,0,0,68,288,0,0,0,0,0,0,0,0,3
5_2012_5_T2,5,2012,5,T2,6,13,0,0,1,0,0,0,0,0,0,0,0,0,0,5,0,0,0,0,3,0,0,0,0,0,1,0,0,3,0,0,0,1,2,0,48,0,0,0,0,2,0,0,0,0,0,17,0,0,0,0,0,0,0,0,0,96,294,0,0,0,0,0,0,0,0,3
5_2012_5_T3,5,2012,5,T3,6,22,0,0,0,0,0,0,0,0,0,5,0,0,0,3,1,0,0,0,0,0,0,0,0,0,0,2,0,3,0,5,0,0,1,0,35,0,0,0,0,3,1,0,0,1,0,35,0,0,0,0,0,0,0,0,3,120,294,0,0,0,0,0,0,0,0,3
8_2012_5_T1,8,2012,5,T1,6,17,0,0,0,0,0,8,0,0,0,2,0,0,0,3,0,0,1,0,4,0,0,0,0,0,0,0,0,3,0,28,0,3,1,0,0,0,0,0,0,1,0,0,0,0,0,15,0,0,0,0,0,0,0,0,0,86,294,0,0,0,0,0,0,2.23,1,4
8_2012_5_T2,8,2012,5,T2,6,62,0,0,0,0,0,6,0,0,0,13,0,0,0,3,0,0,2,0,4,0,0,0,0,0,0,0,0,0,0,5,0,0,13,0,0,0,0,0,0,0,0,0,0,1,0,12,0,0,0,0,0,0,0,0,0,121,306,0,0,0,0,0,0,2.23,1,4
8_2012_5_T3,8,2012,5,T3,6,15,0,0,0,0,0,1,0,0,0,0,0,0,0,19,0,0,1,0,4,0,0,0,0,0,0,0,0,0,0,3,0,0,2,0,0,0,0,0,11,1,0,0,0,0,0,33,0,0,0,0,0,0,0,0,1,91,306,0,0,0,0,0,0,2.23,1,4
8_2012_5_T4,8,2012,5,T4,6,15,0,0,0,0,0,2,0,0,0,1,0,0,0,0,0,0,1,0,2,0,0,0,0,0,0,0,0,0,0,0,0,0,2,0,0,0,0,0,0,0,0,0,0,1,0,121,0,0,0,0,0,0,0,0,0,145,306,0,0,0,0,0,0,2.23,1,4
11_2012_5_T1,11,2012,5,T1,6,4,0,0,0,0,0,0,0,0,0,0,0,0,0,0,0,0,3,0,0,0,0,0,0,0,1,0,0,2,0,0,0,0,0,0,8,0,0,2,0,0,0,0,0,0,0,127,0,0,0,1,0,0,0,0,0,148,300,0.84,0.6,0,0,0,0,6.61,3,9
11_2012_5_T2,11,2012,5,T2,6,4,0,0,0,0,0,1,0,0,0,0,1,0,0,1,0,0,1,0,0,0,0,0,0,0,0,0,0,1,0,0,0,0,0,0,7,0,0,0,0,0,0,0,0,0,0,166,0,0,0,0,0,0,0,0,0,182,306,0.84,0.6,0,0,0,0,6.61,3,9
11_2012_5_T3,11,2012,5,T3,6,3,0,2,0,0,0,0,0,0,0,0,0,0,0,1,0,0,22,0,0,0,0,1,0,0,0,0,0,0,0,0,7,1,0,0,28,0,0,0,0,0,0,0,0,1,0,72,0,0,0,0,0,0,0,0,0,138,300,0.84,0.6,0,0,0,0,6.61,3,9
11_2012_5_T4,11,2012,5,T4,6,3,0,0,0,0,0,0,0,0,0,0,0,0,0,1,0,0,24,0,1,0,0,0,0,0,0,0,0,0,0,0,0,1,0,0,47,0,0,0,0,0,0,0,0,3,0,25,0,0,0,5,0,0,0,0,2,112,288,0.84,0.6,0,0,0,0,6.61,3,9
12_2012_5_T1,12,2012,5,T1,6,2,0,0,0,0,0,0,0,0,0,0,0,0,0,2,0,0,7,0,4,1,0,3,0,0,0,2,0,7,0,0,0,2,0,0,9,1,0,7,1,0,1,0,0,1,0,76,0,0,0,1,0,0,0,0,1,128,306,0.84,0.6,0,0,0,0,6.61,3,9
12_2012_5_T2,12,2012,5,T2,6,2,0,0,2,0,0,1,0,0,0,0,0,0,0,1,0,0,24,0,0,0,0,0,0,0,2,0,0,6,0,0,5,0,0,0,14,0,0,0,0,0,2,0,0,0,1,80,0,0,0,1,0,0,0,0,0,141,300,0.84,0.6,0,0,0,0,6.61,3,9
12_2012_5_T3,12,2012,5,T3,6,15,0,0,0,0,0,2,0,0,0,0,0,1,0,2,0,0,14,0,0,1,0,0,0,0,0,0,0,5,0,1,7,1,1,0,9,0,0,0,0,0,0,0,0,0,0,55,0,0,0,0,0,0,0,0,0,114,281,0.84,0.6,0,0,0,0,6.61,3,9
12_2012_5_T4,12,2012,5,T4,6,3,0,0,1,0,0,1,0,0,0,0,0,0,0,0,0,0,0,0,0,0,0,1,0,0,0,0,0,0,0,0,0,1,0,0,11,0,0,0,0,0,1,0,0,6,0,116,0,0,0,0,0,0,0,0,0,141,306,0.84,0.6,0,0,0,0,6.61,3,9
14_2012_5_T1,14,2012,5,T1,6,17,0,0,0,0,0,6,0,0,0,0,0,2,0,0,0,0,1,0,2,0,0,0,0,0,0,0,0,1,0,0,1,0,7,0,4,0,0,0,1,0,0,0,0,1,0,44,0,0,0,0,0,0,0,0,0,87,252,0.6,0.77,0,0,0,0,2.37,1,10
14_2012_5_T2,14,2012,5,T2,6,16,0,1,0,0,0,9,0,0,0,2,0,4,0,12,0,0,0,0,7,0,0,3,0,0,0,0,0,2,0,0,0,2,8,0,3,1,0,0,0,0,4,0,0,1,1,14,0,0,0,4,0,0,0,0,1,95,305,0.6,0.77,0,0,0,0,2.37,1,10
14_2012_5_T3,14,2012,5,T3,6,4,0,0,1,0,0,5,0,0,0,0,0,2,0,2,0,0,0,0,8,0,0,0,0,0,0,0,0,2,0,0,0,4,7,0,1,0,0,0,1,0,0,0,0,0,0,10,0,0,0,0,0,0,0,0,1,48,300,0.6,0.77,0,0,0,0,2.37,1,10
15_2012_5_T1,15,2012,5,T1,6,17,0,0,0,0,0,1,0,0,0,0,0,2,0,2,0,0,0,0,2,0,0,0,0,0,0,0,0,1,0,0,1,2,10,0,0,0,0,0,0,2,0,0,0,1,0,58,0,0,0,0,0,3,0,0,1,103,300,0.6,0.77,0,0,0,0,9.21,3,9
15_2012_5_T2,15,2012,5,T2,6,4,0,0,0,0,0,0,0,0,0,0,0,1,0,6,0,0,0,0,2,0,0,1,0,0,0,0,0,1,0,3,0,2,6,0,0,0,4,0,0,2,0,0,0,0,0,64,0,0,0,0,0,1,2,0,2,101,312,0.6,0.77,0,0,0,0,9.21,3,9
15_2012_5_T3,15,2012,5,T3,6,7,0,0,0,0,0,0,0,0,0,0,0,2,0,1,1,0,1,0,0,0,0,1,0,0,1,0,0,0,0,1,0,0,2,0,0,0,0,0,0,0,2,0,0,2,0,41,0,0,0,0,0,2,0,0,0,64,300,0.6,0.77,0,0,0,0,9.21,3,9
16_2012_5_T1,16,2012,5,T1,6,13,0,0,1,0,0,0,0,1,0,0,0,0,0,2,0,0,0,0,0,0,0,0,0,0,0,0,0,1,0,1,21,0,2,0,0,0,2,3,0,1,2,0,0,1,0,49,0,0,0,5,0,0,0,0,0,105,300,0.23,0.35,3.81,1,0,0,1.02,1,8
16_2012_5_T2,16,2012,5,T2,6,18,0,0,0,0,0,0,0,0,0,0,0,0,0,2,0,0,1,0,1,0,0,0,0,0,0,0,0,2,0,0,3,0,2,0,1,0,0,0,0,6,1,0,0,1,0,18,0,0,0,3,0,0,0,0,1,60,294,0.23,0.35,3.81,1,0,0,1.02,1,8
16_2012_5_T3,16,2012,5,T3,6,51,0,0,0,0,0,0,0,0,0,2,0,0,0,4,1,0,0,0,0,0,0,2,0,0,0,0,0,1,0,0,0,0,2,0,0,0,1,2,1,0,1,0,0,3,2,71,0,0,0,0,0,0,0,0,0,144,312,0.23,0.35,3.81,1,0,0,1.02,1,8
16_2012_5_T4,16,2012,5,T4,6,11,0,0,0,0,0,0,0,0,0,3,0,0,0,1,0,0,0,0,0,0,0,1,0,0,0,0,0,0,0,0,0,0,1,0,2,0,0,0,0,0,0,0,0,0,0,59,0,0,0,0,0,0,0,0,2,80,306,0.23,0.35,3.81,1,0,0,1.02,1,8
17_2012_5_T1,17,2012,5,T1,6,27,0,0,0,0,0,1,0,0,1,0,0,0,0,4,0,0,1,0,0,0,0,7,0,0,0,0,0,2,0,1,25,0,1,0,0,0,0,1,1,13,1,0,0,0,0,49,0,0,0,0,0,0,0,0,2,137,282,0.55,0.72,0.95,1,0,0,3.44,2,8
17_2012_5_T2,17,2012,5,T2,6,2,0,0,0,0,0,0,0,0,0,0,0,0,0,8,0,0,0,0,1,0,0,1,0,0,0,0,0,3,0,0,0,0,0,0,0,0,2,0,0,0,0,0,0,0,0,71,0,0,0,0,0,0,0,0,0,88,300,0.55,0.72,0.95,1,0,0,3.44,2,8
17_2012_5_T3,17,2012,5,T3,6,5,0,0,1,0,0,1,0,0,0,0,0,2,0,2,0,0,0,0,0,0,0,0,0,0,0,0,0,2,0,1,0,1,1,0,0,0,0,0,3,1,1,0,0,0,0,35,0,0,0,0,0,0,0,0,0,56,294,0.55,0.72,0.95,1,0,0,3.44,2,8
17_2012_5_T4,17,2012,5,T4,6,1,0,0,0,0,0,1,0,0,0,0,0,0,0,5,0,0,1,0,0,0,0,1,0,0,0,0,0,3,0,0,6,1,0,0,0,0,0,0,0,0,0,0,0,1,0,10,2,0,0,0,0,0,0,0,2,34,306,0.55,0.72,0.95,1,0,0,3.44,2,8
18_2012_5_T1,18,2012,5,T1,6,181,0,0,0,0,0,0,0,0,0,0,0,0,0,0,0,0,0,0,0,0,0,0,0,0,0,0,0,0,0,0,0,0,1,0,0,0,0,0,0,0,0,0,0,0,0,0,0,0,0,0,0,0,0,0,0,182,336,0.231098901,0.350879121,3.81,1,0,0,1.02,1,2
18_2012_5_T2,18,2012,5,T2,6,165,0,0,0,0,0,0,0,0,0,0,0,0,0,0,0,0,0,0,0,0,0,0,0,0,0,0,0,0,0,0,0,0,0,0,0,0,0,0,0,0,0,0,0,0,0,0,0,0,0,0,0,0,0,0,0,165,312,0.231098901,0.350879121,3.81,1,0,0,1.02,1,2
18_2012_5_T3,18,2012,5,T3,6,193,0,0,0,0,0,0,0,0,0,0,0,0,0,0,0,0,0,0,0,0,0,0,0,0,0,0,0,0,0,0,0,0,0,0,0,0,0,0,0,0,0,0,0,0,0,0,0,0,0,0,0,0,0,0,0,193,312,0.231098901,0.350879121,3.81,1,0,0,1.02,1,2
18_2012_5_T4,18,2012,5,T4,6,174,0,0,0,0,0,0,0,0,0,0,0,0,0,0,0,0,0,0,0,0,0,0,0,0,0,0,0,0,0,0,0,0,2,0,0,0,1,0,0,0,0,0,0,0,0,0,0,0,0,0,0,0,0,0,0,177,324,0.231098901,0.350879121,3.81,1,0,0,1.02,1,2
19_2012_5_T1,19,2012,5,T1,6,137,0,0,0,0,0,0,0,0,0,0,0,0,0,0,0,0,0,0,0,0,0,0,0,0,0,0,0,0,0,0,0,0,0,0,7,0,0,0,0,2,0,0,0,0,0,2,0,0,0,1,0,0,0,0,0,149,312,0,0,0,0,0,0,2.36,1,2
19_2012_5_T2,19,2012,5,T2,6,161,0,0,0,0,0,0,0,0,0,2,0,0,0,0,0,0,0,0,0,0,0,0,0,0,0,0,0,0,0,0,0,0,0,0,3,0,0,0,0,0,0,0,0,0,0,2,0,0,0,0,0,0,0,0,0,168,312,0,0,0,0,0,0,2.36,1,2
19_2012_5_T3,19,2012,5,T3,6,129,0,0,0,0,0,0,0,0,0,0,0,0,0,0,0,0,0,0,0,0,0,0,0,0,0,0,0,0,0,0,0,0,1,0,3,0,0,0,0,0,0,0,0,0,0,0,0,0,0,1,0,0,0,0,0,134,306,0,0,0,0,0,0,2.36,1,2
19_2012_5_T4,19,2012,5,T4,6,195,0,0,0,0,0,0,0,0,0,0,0,0,0,0,0,0,0,0,0,0,0,0,0,0,0,0,0,0,0,0,0,0,0,0,0,0,0,0,0,0,0,0,0,0,0,0,0,0,0,0,0,0,0,0,0,195,330,0,0,0,0,0,0,2.36,1,2
20_2012_5_T1,20,2012,5,T1,6,5,0,0,0,0,0,1,0,0,1,35,1,1,0,2,0,0,26,0,0,0,0,0,0,0,5,0,0,7,0,3,3,0,11,0,0,2,0,0,0,23,1,0,0,3,0,48,0,0,0,0,0,0,0,0,1,179,318,0.42370879,0.575494505,0,0,0,0,4.69,2,5.5
20_2012_5_T2,20,2012,5,T2,6,6,0,0,0,0,0,0,0,0,0,26,0,2,0,15,0,1,37,0,2,0,0,6,0,0,0,0,0,3,0,7,4,0,16,0,0,0,7,1,1,15,2,0,0,1,0,24,1,0,0,0,0,0,0,0,0,177,306,0.42370879,0.575494505,0,0,0,0,4.69,2,5.5
20_2012_5_T3,20,2012,5,T3,6,3,0,1,0,0,0,1,0,0,0,19,0,0,0,4,0,0,20,0,0,0,0,8,0,0,0,0,1,3,0,4,0,1,28,0,0,0,3,1,0,19,1,0,0,0,0,40,0,0,0,0,0,0,0,1,0,158,306,0.42370879,0.575494505,0,0,0,0,4.69,2,5.5
20_2012_5_T4,20,2012,5,T4,6,12,0,0,0,0,0,0,0,0,0,27,2,0,0,0,0,0,70,0,0,0,0,3,0,0,0,1,0,3,0,4,0,1,4,0,0,0,2,0,0,10,1,0,0,1,0,46,2,0,0,0,0,0,0,0,0,189,306,0.42370879,0.575494505,0,0,0,0,4.69,2,5.5
23_2012_5_T1,23,2012,5,T1,6,0,0,0,0,0,0,1,0,0,0,1,0,0,0,1,0,0,0,0,0,0,0,1,0,0,0,0,0,0,0,0,0,0,0,0,0,0,0,0,0,0,1,0,0,0,0,43,14,0,0,0,0,0,0,0,0,62,306,0.465563187,0.625659345,0,0,0,0,4.68,2,3
23_2012_5_T2,23,2012,5,T2,6,1,0,0,0,0,0,0,0,0,0,0,0,0,0,0,0,0,0,0,0,0,0,0,0,0,0,0,0,0,0,0,0,1,0,0,0,0,0,0,1,0,1,0,0,2,0,72,0,0,0,0,0,0,0,0,0,78,300,0.465563187,0.625659345,0,0,0,0,4.68,2,3
23_2012_5_T3,23,2012,5,T3,6,0,0,0,0,0,0,2,0,0,0,0,0,0,0,1,0,1,0,0,0,0,0,0,0,0,3,0,0,1,0,0,3,0,0,0,1,0,0,0,1,0,0,0,0,0,0,33,0,0,0,0,0,0,0,0,2,48,306,0.465563187,0.625659345,0,0,0,0,4.68,2,3
23_2012_5_T4,23,2012,5,T4,6,0,0,0,0,0,0,0,0,0,0,1,0,1,0,2,0,0,0,0,0,0,0,0,0,0,0,0,0,0,0,5,1,1,0,0,0,0,0,0,0,0,0,0,0,0,0,20,0,0,0,0,0,0,0,0,0,31,306,0.465563187,0.625659345,0,0,0,0,4.68,2,3
26_2012_5_T1,26,2012,5,T1,6,0,0,0,0,0,0,4,0,0,0,135,0,0,0,3,1,0,0,0,1,0,0,11,0,0,0,0,0,2,0,13,6,0,2,0,0,0,3,0,3,9,0,0,0,0,0,5,0,0,0,0,0,0,0,0,0,198,312,0.52646978,0.710054945,0,0,0,0,4.77,2,3
26_2012_5_T2,26,2012,5,T2,6,0,0,0,0,0,0,0,0,0,0,115,0,0,0,4,1,0,0,0,1,0,0,19,0,0,0,0,0,2,0,0,0,0,0,0,0,0,5,0,6,3,0,0,0,1,0,0,0,0,0,0,0,0,0,0,0,157,312,0.52646978,0.710054945,0,0,0,0,4.77,2,3
26_2012_5_T3,26,2012,5,T3,6,0,0,0,0,0,0,0,0,0,0,143,1,0,0,1,1,0,2,0,0,0,0,1,0,0,0,0,0,0,0,0,0,0,0,0,0,0,0,0,0,3,0,0,0,0,0,0,0,0,0,0,0,0,0,0,0,152,306,0.52646978,0.710054945,0,0,0,0,4.77,2,3
26_2012_5_T4,26,2012,5,T4,6,0,0,0,0,0,0,0,0,0,0,117,0,0,0,3,0,0,0,0,0,0,0,0,0,0,0,0,0,0,0,8,0,0,0,0,0,0,3,0,1,2,0,0,0,2,0,0,0,0,0,0,0,0,0,0,0,136,306,0.52646978,0.710054945,0,0,0,0,4.77,2,3
27_2012_5_T1,27,2012,5,T1,6,1,0,0,0,0,0,3,0,0,0,0,0,2,0,8,0,0,0,0,5,0,0,0,0,0,0,0,0,15,0,6,6,2,2,0,0,1,6,1,2,8,3,0,0,0,0,3,0,0,0,9,0,0,0,0,0,83,300,0.246220622,0.375663543,0,0,0,0,1.02,1,5.8
27_2012_5_T2,27,2012,5,T2,6,23,0,0,0,0,0,4,0,0,0,0,0,3,0,5,2,0,1,0,8,0,0,0,0,0,0,0,0,1,0,7,3,0,0,0,0,0,2,3,3,0,1,0,0,0,0,6,0,0,0,8,0,0,0,0,0,80,300,0.246220622,0.375663543,0,0,0,0,1.02,1,5.8
27_2012_5_T3,27,2012,5,T3,6,27,0,0,0,0,0,2,0,0,0,0,0,1,0,2,0,0,0,0,8,0,0,0,0,0,0,0,0,1,0,7,0,0,1,0,0,0,1,0,1,1,1,0,0,0,0,4,1,0,0,4,0,0,0,0,1,63,300,0.246220622,0.375663543,0,0,0,0,1.02,1,5.8
27_2012_5_T4,27,2012,5,T4,6,35,0,0,0,0,0,2,0,0,0,0,0,0,0,5,1,0,1,0,0,0,0,1,0,0,0,0,0,0,0,2,4,0,0,0,0,0,0,0,0,2,2,0,0,0,0,6,0,0,0,8,0,0,0,0,0,69,300,0.246220622,0.375663543,0,0,0,0,1.02,1,5.8
28_2012_5_T1,28,2012,5,T1,6,15,0,0,0,0,0,0,0,0,0,3,0,0,0,2,2,0,1,0,0,0,0,3,0,0,0,0,0,1,0,0,0,0,67,0,0,0,0,0,0,0,1,0,0,0,0,2,0,0,0,0,0,0,0,0,0,97,306,0.42370879,0.575494505,0,0,0,0,4.69,2,2.5
28_2012_5_T2,28,2012,5,T2,6,4,0,0,0,0,0,0,0,0,0,0,0,0,0,0,1,2,0,0,1,0,0,0,0,0,0,0,0,1,0,0,0,0,69,0,0,0,0,0,0,1,1,0,0,0,0,2,0,0,0,0,0,0,0,0,0,82,306,0.42370879,0.575494505,0,0,0,0,4.69,2,2.5
28_2012_5_T3,28,2012,5,T3,6,7,0,0,0,0,0,0,0,0,0,1,0,0,0,0,4,0,1,0,0,0,0,0,0,0,0,0,0,0,0,1,0,0,51,0,0,0,0,0,0,0,1,0,0,0,0,1,0,0,0,0,0,0,0,0,0,67,306,0.42370879,0.575494505,0,0,0,0,4.69,2,2.5
28_2012_5_T4,28,2012,5,T4,6,11,0,2,0,0,0,0,0,0,0,4,0,0,0,1,1,0,0,0,0,0,0,2,0,0,0,0,0,0,0,1,3,0,47,0,0,0,0,0,2,0,1,0,0,0,0,1,0,0,0,0,0,0,0,0,0,76,306,0.42370879,0.575494505,0,0,0,0,4.69,2,2.5
29_2012_5_T1,29,2012,5,T1,6,13,0,0,0,0,0,0,0,0,0,67,0,0,0,0,1,0,39,0,0,0,0,11,0,0,0,0,0,1,0,38,0,0,0,0,0,0,3,0,0,12,0,0,0,0,0,2,0,0,0,0,0,0,0,0,0,187,306,0.146220622,0.275663543,0,0,0,0,0,0,3
29_2012_5_T2,29,2012,5,T2,6,5,0,0,0,0,0,0,0,0,0,98,0,0,0,1,3,0,7,0,0,0,0,1,0,0,0,0,0,0,0,25,0,0,0,0,0,0,5,0,0,16,0,0,0,1,0,1,0,0,0,0,0,0,0,0,0,163,306,0.146220622,0.275663543,0,0,0,0,0,0,3
29_2012_5_T3,29,2012,5,T3,6,3,0,0,0,0,0,0,0,0,0,86,0,0,0,0,0,0,9,0,2,0,0,3,0,0,0,0,0,1,0,19,0,0,2,0,0,0,5,0,0,6,0,0,0,2,0,6,0,0,0,0,0,0,0,0,0,144,306,0.146220622,0.275663543,0,0,0,0,0,0,3
29_2012_5_T4,29,2012,5,T4,6,20,0,0,0,0,0,0,0,0,0,38,0,0,0,0,3,0,19,0,0,0,0,4,0,0,0,0,0,2,0,23,0,0,0,0,0,0,12,1,0,2,2,0,0,0,0,0,0,0,0,0,0,0,0,0,0,126,312,0.146220622,0.275663543,0,0,0,0,0,0,3
31_2012_5_T1,31,2012,5,T1,6,0,0,1,0,0,0,0,0,0,0,115,0,0,0,6,0,0,44,0,1,0,0,9,0,0,2,0,0,2,0,6,0,0,1,0,0,0,0,0,0,2,1,0,0,0,0,8,0,0,0,0,0,0,0,0,0,198,306,0,0,0,0,0,0,4.77,2,3
31_2012_5_T2,31,2012,5,T2,6,0,0,2,0,0,0,0,0,0,0,25,0,0,0,12,2,0,2,0,8,0,0,22,0,0,3,0,1,2,0,12,8,0,6,0,0,0,0,0,0,6,1,0,0,13,0,2,0,0,0,0,0,0,0,0,0,127,306,0,0,0,0,0,0,4.77,2,3
31_2012_5_T3,31,2012,5,T3,6,0,0,0,0,0,0,3,0,0,0,7,0,0,0,17,1,0,36,0,1,0,0,15,0,0,0,0,0,9,0,5,2,1,2,0,1,0,1,0,2,5,6,0,0,6,0,5,0,0,0,0,0,0,0,0,0,125,306,0,0,0,0,0,0,4.77,2,3
31_2012_5_T4,31,2012,5,T4,6,0,0,0,0,0,0,0,0,0,0,8,0,0,0,10,2,0,0,0,2,0,0,14,0,0,0,0,0,3,0,2,6,0,2,0,0,0,0,0,0,1,4,0,0,16,0,2,0,0,0,0,0,0,0,0,0,72,306,0,0,0,0,0,0,4.77,2,3
32_2012_5_T1,32,2012,5,T1,6,2,0,0,0,0,0,3,0,0,0,0,0,0,0,3,0,0,1,0,4,0,0,1,0,0,0,0,0,0,0,2,0,1,6,0,2,0,0,0,0,0,2,0,0,1,0,5,0,0,0,0,0,0,0,0,3,36,300,0,0,42.86,1,0,0,0,0,3
32_2012_5_T2,32,2012,5,T2,6,0,0,0,0,0,0,1,0,1,0,0,1,0,0,4,0,0,0,0,2,0,0,1,0,0,0,0,0,1,0,1,8,0,2,0,8,0,0,0,0,0,2,0,0,3,0,31,0,0,0,0,0,0,0,0,1,67,306,0,0,42.86,1,0,0,0,0,3
32_2012_5_T3,32,2012,5,T3,6,0,0,0,0,0,0,1,0,0,0,0,0,0,0,2,0,0,2,0,1,0,0,0,0,0,0,0,0,0,0,1,0,3,10,0,2,0,1,0,0,0,1,0,0,0,0,46,0,0,0,0,0,1,0,0,5,76,306,0,0,42.86,1,0,0,0,0,3
